;FirstOcc;0;1
0;0.0;0.42730117338717727;0.027107872530314353
1;0.0;0.43591251053513574;0.03253013746537172
2;0.0;0.45598505567389785;0.029858560825691577
3;0.0;0.45743388519015366;0.022816568646525794
4;0.0;0.45853443300367874;0.013279346900198705
5;0.0;0.4585254861598878;0.004196369896950547
6;0.0;0.44414515531420756;0.0026697546742761764
7;0.0;0.4376693609570684;0.004531995102940639
8;0.0;0.43236125875555137;0.006063404971414832
9;0.0;0.43001359404093137;0.005741108880748365
10;0.0;0.4362621901822093;0.0015429170183938468
11;0.0;0.43417344626660054;0.0
12;0.0;0.4303162597444358;0.0037653312395435137
13;0.0;0.4289107019822788;0.012361747587022569
14;0.0;0.4353732911420936;0.02476549627125184
15;0.0;0.4436575093139769;0.028862521107229734
16;0.0;0.4486237388498993;0.03304958939132861
17;0.0;0.45461823172343735;0.038687133922800335
18;0.0;0.4664768000168032;0.04681885319935676
19;0.0;0.4727681947617884;0.04452893036534519
20;0.0;0.4727386228622415;0.04840003149123388
21;0.0;0.47265431606498903;0.0557789913772134
22;0.0;0.47759376959004957;0.06461590715801342
23;0.0;0.48551151127591524;0.07854627106491707
24;0.0;0.4922474953353923;0.08859412258892863
25;0.0;0.4961552229222365;0.09508674425234649
26;0.0;0.4959691457768715;0.10035241605558129
27;0.0;0.48929256359851997;0.12496908652120556
28;0.0;0.4867485199640747;0.1511943606526817
29;0.0;0.49312288808247845;0.1678620837396396
30;0.0;0.5050496760597429;0.17408208184287904
31;0.0;0.4895993801213782;0.19430973354331446
32;0.0;0.49215649991213345;0.21253782615937747
33;0.0;0.4941805512649515;0.23353022386489042
34;0.0;0.49336995861483596;0.25688014891019223
35;0.0;0.5041980053528035;0.27481787777661604
36;0.0;0.49493726929080256;0.290173402201069
37;0.0;0.48441917907375504;0.3005442210661587
38;0.0;0.47911696974531165;0.3077043533178328
39;0.0;0.48557955890512644;0.31819983297371907
40;0.0;0.4904126611259996;0.3043645948394841
41;0.0;0.5025596145837439;0.27724032462053455
42;0.0;0.5225493153901035;0.2414298822847329
43;0.0;0.5488704566701434;0.202882847912205
44;0.0;0.5212644539917686;0.1751046838990713
45;0.0;0.4989265507998866;0.1555872151345095
46;0.0;0.49124241636702265;0.14219845441715795
47;1.0;0.5045527821200184;0.1320846285669402
48;0.0;0.5117104722204471;0.1339382386331655
49;0.0;0.5249351117250123;0.12860026357126847
50;0.0;0.5357496521699499;0.12327130244347631
51;0.0;0.534375623429419;0.12667511738971032
52;0.0;0.5414373930411369;0.12324023313869298
53;0.0;0.5513991014099888;0.12006656119085188
54;0.0;0.5565233201634159;0.11958565821712641
55;0.0;0.5513830142966352;0.12344112879770708
56;0.0;0.5572464230045464;0.12401360950620999
57;0.0;0.5612813420196949;0.1372988058742851
58;0.0;0.5650346290169801;0.1535770119364625
59;0.0;0.569576077034398;0.16734991967529886
60;0.0;0.5760386661942134;0.1835702064162153
61;0.0;0.5755055117289334;0.19454323279376684
62;0.0;0.5721635214639595;0.21159903451176615
63;0.0;0.5706150722831949;0.23744198358716134
64;0.0;0.5875205207476106;0.2570971545790938
65;0.0;0.595003265167855;0.2828856364782034
66;0.0;0.6002025857927125;0.30657617316112706
67;0.0;0.6058993165213615;0.3283232481155374
68;0.0;0.6140310512257643;0.35980968708319633
69;0.0;0.6172908423634162;0.3821243522073931
70;0.0;0.6143610521178671;0.39724330880808095
71;0.0;0.5996200516318988;0.4101852085368863
72;0.0;0.5574206283764203;0.43422939829400764
73;0.0;0.5254238330670449;0.45422997556936184
74;0.0;0.574895577859013;0.5024775373241599
75;0.0;0.6529434556891696;0.5403378825252281
76;0.0;0.6259803353535189;0.4760292162700703
77;0.0;0.5697576807578646;0.4773907038914021
78;0.0;0.5091725795411037;0.5096700813814437
79;0.0;0.46704223624296953;0.5519222262422676
80;0.0;0.4750027765325426;0.5769205505135604
81;0.0;0.4947835814405059;0.6099988118867721
82;0.0;0.5560635255158508;0.6041771529565838
83;0.0;0.5944088807403851;0.5840062698624195
84;0.0;0.5363948787578006;0.5796640468402379
85;0.0;0.48876003283148467;0.5985559102208331
86;0.0;0.47503789719578554;0.6144548598002417
87;0.0;0.48545043186157927;0.6247460875450541
88;0.0;0.5107035651710137;0.6273856359507912
89;0.0;0.5399350115031554;0.6249048862139452
90;0.0;0.5563805577858238;0.6147128117442731
91;0.0;0.5567409908509138;0.5954928986980503
92;0.0;0.5424948196484141;0.5712118534384192
93;0.0;0.5510117417861831;0.5916303320416887
94;0.0;0.5616465496023864;0.6120488106449586
95;0.0;0.5647312750947222;0.625226606947116
96;0.0;0.5696553082183509;0.6345724264331143
97;0.0;0.6634270489412242;0.6826608059473571
98;0.0;0.511911819219389;0.6428585333044228
99;0.0;0.390391012344849;0.5761741200554358
100;0.0;0.38213625853833494;0.5075397243596476
101;0.0;0.4527539546555149;0.45716142201139337
102;0.0;0.4448252659901066;0.42154257372175424
103;0.0;0.4175796748699872;0.39597253588528664
104;0.0;0.3896063569389902;0.3719536618579885
105;0.0;0.375012033074772;0.3274909934975941
106;0.0;0.3905616905956156;0.28034025491597114
107;0.0;0.40586584758313;0.24137800421717664
108;0.0;0.4091387148770887;0.2162329637844099
109;0.0;0.38512869819724743;0.21356138714472978
110;0.0;0.3764764980608262;0.2138746693012926
111;0.0;0.37254758624048884;0.2005931168640245
112;0.0;0.373741495229237;0.18373725187588108
113;0.0;0.38230121597071326;0.18144732904186955
114;0.0;0.38687636520019647;0.1720143428952313
115;0.0;0.3732150078831274;0.16045109561971682
116;0.0;0.34885640840484927;0.1534064184389037
117;0.0;0.3233912391989569;0.1581770910097611
118;0.0;0.3192290642349965;0.13929711835074912
119;0.0;0.3123443388975092;0.12714691053641633
120;0.0;0.2828721235359633;0.12901106882340216
121;0.0;0.21646830481657148;0.15447869302559242
122;0.0;0.17572403408714393;0.2850042945642512
123;0.0;0.17615842916135932;0.4136087774238231
124;0.0;0.19716979070667223;0.4941804986604244
125;0.0;0.2337758235806498;0.49491944947109306
126;0.0;0.37347046608154405;0.395116979288756
127;0.0;0.3596217842226123;0.33252767301742875
128;1.0;0.3141066305489589;0.29842690548094136
129;0.0;0.29042308764011177;0.2956216541163637
130;0.0;0.2659850849231968;0.36699091577639054
131;0.0;0.31129695598266144;0.3702490693832233
132;0.0;0.3653863905257872;0.343811967800309
133;0.0;0.39612869208930673;0.31554896920389447
134;0.0;0.3538864702301208;0.35008863861690215
135;0.0;0.3801624471544927;0.3620754449023763
136;0.0;0.411550039826372;0.37366314487147045
137;0.0;0.43670228456797205;0.38345093480729614
138;0.0;0.4671748904076279;0.37104718612306686
139;0.0;0.5015174578300527;0.35613056357513256
140;0.0;0.5116901912740663;0.3507634370667739
141;0.0;0.5090291934652702;0.35251846921535335
142;0.0;0.5280317735113476;0.3519459885068504
143;0.0;0.5367059536341958;0.3485719003645751
144;0.0;0.5400797525096632;0.34540225591920587
145;0.0;0.5487230058022958;0.34137532880482213
146;1.0;0.5787676256048779;0.33431473339995316
147;0.0;0.6278635384371545;0.33291709414929505
148;0.0;0.6637923855649284;0.3506189264423664
149;0.0;0.6726864515793867;0.3848609442441191
150;0.0;0.6405447001951405;0.4316135354385252
151;0.0;0.6391677035112389;0.44450135156270537
152;0.0;0.6172862829141748;0.430807363693732
153;0.0;0.5653705012753154;0.3932393959935329
154;0.0;0.47907204196483494;0.3348518296224492
155;0.0;0.44628831152498044;0.2615742989340794
156;0.0;0.4326725487003053;0.2248072288682928
157;0.0;0.41560816471759815;0.2417477673012668
158;0.0;0.3862363217598294;0.31891202966083265
159;0.0;0.41105951191011086;0.40154007858808294
160;0.0;0.37681148853888885;0.45790209889455735
161;0.0;0.3516037991739955;0.4693426991305094
162;0.0;0.3703990963343797;0.4303132274975994
163;0.0;0.44790736764844813;0.3658137343396073
164;1.0;0.4691713054761412;0.3394397302954201
165;0.0;0.4425561442406775;0.36633606305305016
166;0.0;0.39333344860998815;0.4370081832137759
167;0.0;0.4213237354346158;0.4852873896308529
168;0.0;0.4767464432639911;0.5048620105733455
169;0.0;0.5092084314367757;0.5195794635347537
170;0.0;0.5038518528268354;0.5322014644957918
171;0.0;0.45249352837797713;0.5331555990099632
172;0.0;0.48666758974008123;0.5356131426611379
173;0.0;0.5579717840634639;0.5549207018325819
174;0.0;0.6386927465442687;0.5870584454856933
175;0.0;0.6850436343593631;0.6175907499391808
176;0.0;0.679188978933716;0.6371219313907286
177;0.0;0.5918678695698198;0.6281561355308276
178;0.0;0.48263307935481486;0.5913068852360286
179;0.0;0.4531876400041363;0.5302422763290537
180;0.0;0.4560239615402824;0.4877617145423205
181;0.0;0.45737431125433997;0.46420724990719864
182;1.0;0.4500151451139442;0.43705344467011914
183;0.0;0.42746028096015404;0.3794237200141616
184;0.0;0.4620236590681421;0.42768681642135786
185;0.0;0.47196760279042754;0.4555623117442269
186;0.0;0.4753440685135642;0.4695909658900271
187;0.0;0.4898979165123672;0.4763011685798418
188;0.0;0.5383887345128306;0.4677139579522985
189;0.0;0.6156070936771643;0.4531311386449501
190;0.0;0.6913622137450957;0.419532754095369
191;0.0;0.7482022435759363;0.3650563720890628
192;0.0;0.8179639676189685;0.36925456395141726
193;0.0;0.7715242565710514;0.26471018907301935
194;0.0;0.7523652142928294;0.18968913338599142
195;0.0;0.821237157515476;0.19909200915700673
196;0.0;0.9122269889973698;0.20443516243636708
197;0.0;0.9588999416820672;0.15178640351604328
198;0.0;0.9203337542651224;0.12622748925783722
199;0.0;0.8309543546654563;0.14926720071988922
200;0.0;0.9138552500466548;0.18151694729888532
201;0.0;0.8802247094447955;0.16686450973452022
202;0.0;0.816891808829004;0.17894788018640642
203;0.0;0.7412387171912151;0.22101054064522027
204;0.0;0.6393352417639391;0.24505473040234166
205;0.0;0.5995944369901822;0.263602242321591
206;0.0;0.5681981125428719;0.2549785923859675
207;0.0;0.5433771591035386;0.2265283149246099
208;0.0;0.5421359995960244;0.2030566058759915
209;1.0;0.5464408509102341;0.1916006627734781
210;0.0;0.5398412847117187;0.1880794748980635
211;0.0;0.5292104126465105;0.1881849571056601
212;0.0;0.5288252252131442;0.1855133804659799
213;0.0;0.5292143914111769;0.19065563808632682
214;0.0;0.5408704513364491;0.19860228403500957
215;0.0;0.5549997113782694;0.2149796433723294
216;0.0;0.5601783424268625;0.2468477361456568
217;0.0;0.5921033049038866;0.271522709504207
218;0.0;0.6070210270615435;0.2910110268223041
219;0.0;0.5988931635876256;0.31242487389362456
220;0.0;0.5648239910648643;0.3421178276533892
221;0.0;0.5621276790312992;0.37532170874655674
222;0.0;0.596402134304006;0.39426823108926995
223;0.0;0.6281890874141982;0.408555796108263
224;0.0;0.6322249742369683;0.42469419029891664
225;0.0;0.6286298915255484;0.4422502653596719
226;0.0;0.6277677900031311;0.4621000989710801
227;0.0;0.6219241245706979;0.48937377035315416
228;0.0;0.6084615119254184;0.5259062863464146
229;0.0;0.5961783126614;0.566170762844451
230;0.0;0.6008548451159477;0.5933038552116712
231;0.0;0.6056004790346707;0.6104072198160031
232;0.0;0.6053219655080324;0.6214627141013132
233;0.0;0.6046799864524215;0.6399729236762399
234;0.0;0.5655720418357923;0.6583246222610233
235;0.0;0.5364960469145046;0.6840484723347511
236;0.0;0.5318830671604391;0.713672479087913
237;0.0;0.558418201459016;0.729701938925994
238;0.0;0.571506143513749;0.7151714771507796
239;0.0;0.5624557443081597;0.6978738334986365
240;0.0;0.5348398484852093;0.6875689889597527
241;0.0;0.5001729794822274;0.6957745457816282
242;0.0;0.48279941322470016;0.6991175646191199
243;0.0;0.4898087491701702;0.6996158242106405
244;0.0;0.4867074634140813;0.6888928865580068
245;0.0;0.4136074482818732;0.652254121213822
246;0.0;0.40916177020531824;0.626308374932478
247;0.0;0.42306224052541236;0.6017694736217274
248;0.0;0.42065747516111845;0.566029416686266
249;0.0;0.3625797699302013;0.5042015001679541
250;0.0;0.37251128270126427;0.4795697745145197
251;0.0;0.40095798760020346;0.4558456753109968
252;0.0;0.4310031450736857;0.42684238340308334
253;0.0;0.4471366271655018;0.38747086173881196
254;0.0;0.4461094606765246;0.3460614238237697
255;0.0;0.4358874120574829;0.31912961068722695
256;0.0;0.4386217911908304;0.29880664142828894
257;0.0;0.4663899554128989;0.27920469100473444
258;0.0;0.47726080075457394;0.2551605012476131
259;0.0;0.48688188385432135;0.2552631066677322
260;1.0;0.484782859671087;0.2588880506782552
261;0.0;0.46905142637208846;0.2560137564141574
262;0.0;0.46507115622730205;0.24990729552345992
263;0.0;0.4733062957993565;0.25914734512311327
264;0.0;0.4742356922117213;0.28197868127870523
265;0.0;0.46303665255216947;0.3123676258227745
266;0.0;0.45118143932522475;0.3243897207013352
267;0.0;0.42628310428983934;0.3397304776167251
268;0.0;0.38467524806630543;0.3272573024613084
269;0.0;0.3398840360003916;0.287900931877765
270;0.0;0.33992683460409906;0.25164382033924876
271;0.0;0.32745267614293444;0.22581995395413762
272;0.0;0.31750296858859045;0.18444311963053187
273;0.0;0.31481633463124187;0.13086726799835383
274;0.0;0.3243604232579879;0.0839238499011169
275;0.0;0.3419446704813049;0.10244345698181614
276;0.0;0.3240437566042222;0.12561482941753135
277;0.0;0.2927397825108439;0.14772620155981453
278;0.0;0.2945801224702613;0.1708162568027644
279;0.0;0.31944740163441326;0.19625616795222414
280;0.0;0.34111497976079025;0.20232005238821768
281;1.0;0.35901374295426597;0.19760634020946263
282;0.0;0.37442124028892326;0.1947439366669482
283;0.0;0.39261653973763383;0.19583654055181965
284;0.0;0.39155599463913154;0.1957090029735434
285;0.0;0.3892704631738137;0.19289454588902746
286;0.0;0.4029447676061744;0.18605296990429587
287;0.0;0.42053499372990827;0.17326756741439805
288;0.0;0.42182660827475776;0.1696502948371542
289;0.0;0.4107252096507999;0.17699406202296258
290;0.0;0.3915528116273989;0.1960242029884257
291;0.0;0.38444824341197353;0.2196867389398785
292;0.0;0.39759214625406664;0.23679882979956718
293;0.0;0.4163817225960675;0.24664166226917772
294;0.0;0.4343497593084091;0.2493711582301198
295;0.0;0.45947253968464236;0.2493711582301198
296;0.0;0.4800880033922425;0.254170406889945
297;0.0;0.4839449748460432;0.26072133144628934
298;0.0;0.4687015746703233;0.2673926016122097
299;0.0;0.4458899188942887;0.2717816203773985
300;0.0;0.45382034961341794;0.2818425133379864
301;0.0;0.4773305474238337;0.2944518564341138
302;0.0;0.504602419897584;0.31004529118315644
303;0.0;0.5093530649091034;0.332944519523272
304;0.0;0.5085484941730765;0.3530365786404872
305;0.0;0.5152099140320252;0.38320017483196694
306;0.0;0.522460728732479;0.42333174374843174
307;0.0;0.5078236062645545;0.4676035852059885
308;0.0;0.48621439769117264;0.5165384114897382
309;0.0;0.46399869634163643;0.5747805083072541
310;0.0;0.4377235366770364;0.6346307293260405
311;0.0;0.3999323696034182;0.6815741474232775
312;0.0;0.36622492055590966;0.7292386802488129
313;0.0;0.34363674231310354;0.7649067216043581
314;0.0;0.3408680382694493;0.8053689292951818
315;0.0;0.36843033905700323;0.8733033067041913
316;0.0;0.35179628535649804;0.9207615738674162
317;0.0;0.3283783948863411;0.9692902936519181
318;0.0;0.29835033534750516;1.0
319;0.0;0.2632029606138571;0.9950058969348692
320;0.0;0.293461573434976;0.9732516300117595
321;0.0;0.34785517916012837;0.965469344521096
322;0.0;0.3951591209072282;0.9564546432740375
323;0.0;0.4138313129381546;0.9352932822505333
324;0.0;0.4182395691200151;0.9032343625743717
325;0.0;0.3989662180082673;0.8356950639792646
326;0.0;0.415733893681062;0.7474414571350403
327;0.0;0.4981101082903841;0.6540195097973271
328;0.0;0.6278326761274582;0.615854129230468
329;0.0;0.6953586570305827;0.5334376200759017
330;0.0;0.6992099291728286;0.501560896940147
331;0.0;0.6741864028449072;0.5184572287388274
332;0.0;0.798516346614851;0.3921298190625232
333;0.0;0.7978214177289127;0.3011437435769662
334;0.0;0.8069003565059238;0.27419380667930804
335;0.0;0.8277094247514927;0.2800760699323957
336;0.0;0.7392019122846272;0.18351765709824175
337;0.0;0.7455974001160228;0.13800016666188586
338;0.0;0.7493133512459516;0.11416502346163962
339;0.0;0.7343796925227912;0.10180375533919711
340;0.0;0.7066033987167004;0.08959083355780216
341;0.0;0.6542994186874322;0.0921891480096612
342;0.0;0.6238237588770612;0.0897189464935746
343;0.0;0.6145584418589862;0.08211713147081778
344;0.0;0.6155856083479634;0.07352992084327445
345;0.0;0.5959258869268709;0.09335098657988268
346;0.0;0.5947800887303314;0.0802495210388574
347;0.0;0.5843883081613099;0.06124862741277377
348;0.0;0.5248554504043419;0.07727808725085468
349;0.0;0.5133984577534003;0.04552698383504353
350;0.0;0.5117210965974472;0.033481011620399466
351;0.0;0.5026256405703677;0.04108340200065198
352;0.0;0.47112847056889456;0.06598391549762794
353;0.0;0.46881734596869545;0.0778151834733561
354;0.0;0.46329370225644656;0.08750458727737012
355;0.0;0.4635692263328786;0.09184287868999502
356;0.0;0.4755328340134342;0.08829023793813193
357;0.0;0.48850081093677084;0.074169047128394
358;0.0;0.4952511615627177;0.06867582143549944
359;0.0;0.4986951802578356;0.07286480757791983
360;0.0;0.5031936576168603;0.08604922049128161
361;0.0;0.5309699514229511;0.09768966156417368
362;0.0;0.5634921157229624;0.10202824065554716
363;0.0;0.5947425377946185;0.08681933649965065
364;0.0;0.6159493534658025;0.05441040768010108
365;0.0;0.5944216558009894;0.04200665899587182
366;0.0;0.5506274576399264;0.042443547121155834
367;0.0;0.5183737846809644;0.04129417463001364
368;0.0;0.5046033231846969;0.03503725775411643
369;0.0;0.5004090600213735;0.02549591261240161
370;0.0;0.4956993210119906;0.021207964980674072
371;0.0;0.49134515452275535;0.024576683119653928
372;0.0;0.4870917045466669;0.03285435141435837
373;0.0;0.4818702748943661;0.038006677790884374
374;0.0;0.4785362636655612;0.040411096766596405
375;0.0;0.4792837122450822;0.04073962589680252
376;0.0;0.4820799020251885;0.040826600771612
377;0.0;0.4827218810807991;0.043879831216960735
378;0.0;0.4872649851245919;0.04765034067396805
379;0.0;0.4882928828459941;0.05229453048862526
380;0.0;0.4880856429739719;0.05464640014637098
381;0.0;0.49039676757417044;0.050448208284016444
382;0.0;0.4859592836021401;0.050735503460343806
383;0.0;0.4872771795006228;0.0517462147949536
384;0.0;0.48747622526811546;0.05657729990289073
385;0.0;0.4798404382026555;0.06817401380608784
386;0.0;0.4866882147958366;0.07752453204496836
387;0.0;0.4921299389696316;0.08247327776083173
388;0.0;0.49876617432358433;0.08198364853174933
389;0.0;0.5077919266950774;0.07584343333462112
390;0.0;0.5078347252987847;0.07221772218076951
391;0.0;0.4988988499950749;0.07253896344936041
392;0.0;0.4929855024138943;0.07569422395733041
393;0.0;0.4957028911467725;0.08097811541460459
394;0.0;0.4986131961988745;0.08746623011097068
395;0.0;0.5002575658683515;0.092468963538541
396;0.0;0.504385587976691;0.09468754204305033
397;0.0;0.5095687354608502;0.09422054354214433
398;0.0;0.5003670356637631;0.09441137044497862
399;0.0;0.49480670128924115;0.09959783469959996
400;0.0;0.4923152633757349;0.10903110852498632
401;0.0;0.49258091581442526;0.12074308571321204
402;0.0;0.4950632348294534;0.1283761618265839
403;0.0;0.5151306828480762;0.13044380488131385
404;0.0;0.517126302163657;0.1304601066770333
405;0.0;0.5051091209545415;0.13087618603954504
406;0.0;0.5075914399695696;0.1362193393189053
407;0.0;0.5153360946390348;0.143960199069858
408;0.0;0.5223474092134175;0.14789823345111222
409;0.0;0.5270496208301885;0.14703577256463393
410;0.0;0.5279055929043364;0.1409293116739365
411;0.0;0.5246302093105597;0.14483790692997964
412;0.0;0.5240358894035997;0.15012429160306962
413;0.0;0.5249847064889055;0.15448895356759523
414;0.0;0.52524149811115;0.1556339149846012
415;0.0;0.5129555029584452;0.1649811728643389
416;0.0;0.5130219590817922;0.17026122860497228
417;0.0;0.5175226946585976;0.17318596254288482
418;0.0;0.517705459751213;0.1757784275268668
419;0.0;0.5160363142066251;0.17367933159568955
420;0.0;0.5072727516732187;0.17822561474311466
421;0.0;0.4983815245611171;0.18466233083650602
422;0.0;0.4947312553084348;0.18989482369080635
423;0.0;0.49661439387155965;0.20287105308353853
424;0.0;0.5118567187054786;0.2078397445259291
425;0.0;0.5172129532060366;0.2112092298082366
426;0.0;0.5040593077672211;0.21581208977609861
427;0.0;0.5105218969270358;0.21523960906759573
428;0.0;0.5140623092612577;0.2145190696967933
429;0.0;0.5131498817425206;0.21601710883050076
430;0.0;0.507847156250012;0.21961980568451284
431;0.0;0.502026546145808;0.21942897878167858
432;0.0;0.5086323278199367;0.22468534897206177
433;0.0;0.5119195616803678;0.23060616117738875
434;0.0;0.512419165481435;0.23451024946637983
435;0.0;0.5291534195310212;0.23164784592386534
436;0.0;0.544057441834126;0.22323631111842857
437;0.0;0.5465809464401585;0.2147028005238437
438;0.0;0.5353066328544882;0.21525149978917976
439;0.0;0.5119385952302578;0.24635628495117012
440;0.0;0.5472517876697269;0.26738473839309745
441;0.0;0.5698665698687073;0.27999043755841674
442;0.0;0.5781618640611474;0.2902075400791633
443;0.0;0.5869355778211607;0.30909940345975867
444;0.0;0.6235911839521966;0.26859711253004337
445;0.0;0.6553041750532675;0.2832857976166649
446;0.0;0.6693991101847729;0.31945660553077715
447;0.0;0.6516376896462095;0.3179299903081028
448;0.0;0.6345017954336909;0.31733305690602076
449;0.0;0.617270346348674;0.3086451587166791
450;0.0;0.5993218163366156;0.3076574616819123
451;0.0;0.5791435005782328;0.33025328483581085
452;0.0;0.4945734596524464;0.3315890731556509
453;0.0;0.3976775283931125;0.26975664967027874
454;0.0;0.29992237752739265;0.23471776173660236
455;0.0;0.21529674143046656;0.28922224036729444
456;0.0;0.22685236443145967;0.3088774113592269
457;0.0;0.1969600130279932;0.26679096945723885
458;1.0;0.12932991753161743;0.23291238580712026
459;0.0;0.044900617340846216;0.24792940823810683
460;0.0;0.10961210614640743;0.31605461254995065
461;0.0;0.17468768417918606;0.28146469524895357
462;0.0;0.1831467959416903;0.2801755108862945
463;0.0;0.13557055614357033;0.3564794220035342
464;1.0;0.16861107820566906;0.440061605444956
465;0.0;0.26815069427079413;0.5157308972441259
466;0.0;0.37776809109884263;0.5917445405046422
467;0.0;0.47577388263170156;0.6618027542171552
468;0.0;0.543866461130146;0.6927167124763112
469;0.0;0.5221761717849156;0.6531684601678562
470;0.0;0.5876857792756947;0.5637435213547286
471;0.0;0.7492875860563835;0.44975081746313567
472;0.0;0.9330647903758804;0.36731359543871966
473;0.0;1.0;0.3133174451557254
474;0.0;0.9969067578005884;0.2295448183831177
475;0.0;0.9639626723912715;0.15427597540116866
476;0.0;0.9664449914062998;0.1777476844497871
477;0.0;0.8807589607587045;0.24248786882693762
478;0.0;0.8096126266118164;0.2549861679263294
479;1.0;0.7284073731971907;0.23219002447091058
480;0.0;0.5905958692594213;0.2087183154222922
481;0.0;0.4106910137814878;0.16466089052490282
482;0.0;0.27043256957397216;0.12933537866530004
483;0.0;0.19344261300833104;0.09291812595706682
484;0.0;0.19968632709782724;0.04601287324040977
485;0.0;0.1835512535001444;0.1492502276737641
486;0.0;0.30973087119636095;0.1714711095261067
487;0.0;0.42609732824018104;0.1892173402392905
488;1.0;0.41787036126581995;0.25655679799744857
489;0.0;0.4007509197828671;0.2493053756897453
490;0.0;0.45538505796222867;0.19866192942875543
491;0.0;0.5401148516660752;0.13818169195186794
492;0.0;0.6335575808113043;0.08835947262348205
493;0.0;0.7609262254444724;0.05744551436432602
494;0.0;0.7843386961919434;0.03844663448947851
495;0.0;0.7860703406020466;0.07391109518436631
496;0.0;0.7808091233030794;0.15920688503465438
497;0.0;0.6542536521403515;0.1632142499941746
498;0.0;0.6150142362350515;0.20341562895348594
499;0.0;0.5403686538381043;0.22081693284782092
500;1.0;0.4011230095530888;0.21136543936839566
501;0.0;0.22967180310131746;0.22930316823481955
502;0.0;0.22550343416857904;0.19986365945203538
503;0.0;0.25331596699338693;0.12849247993368892
504;0.0;0.26367279895384405;0.05561290484671065
505;0.0;0.19998847663726;0.08900761284271252
506;0.0;0.23720087324638567;0.1674063047099159
507;0.0;0.33152146842485336;0.1973250862868418
508;0.0;0.4539631765115298;0.20608336987653342
509;1.0;0.559675727668763;0.2738269203827086
510;0.0;0.4982005875495568;0.2968651934510146
511;0.0;0.48044912467608675;0.2761579812776705
512;0.0;0.512721379541389;0.22860199923304358
513;0.0;0.5791448124952454;0.17860535069045794
514;0.0;0.6832381569811647;0.11547530426581956
515;0.0;0.7230013718780628;0.06270869295174211
516;0.0;0.7229576054667328;0.028327246850132784
517;0.0;0.71352952471355;0.01969074726376807
518;0.0;0.6605448533238114;0.02656051576580274
519;0.0;0.6503736683719943;0.060644406149078636
520;0.0;0.6503608933113887;0.10673380193644502
521;0.0;0.6371509429758377;0.14938351882699102
522;0.0;0.6726737840529646;0.13430819350308162
523;0.0;0.6330409866097622;0.100461829872732
524;1.0;0.5728153721573082;0.07552890457015082
525;0.0;0.5252543376922612;0.0747176505008155
526;0.0;0.49786323131953686;0.0852131301567018
527;0.0;0.4964833312127693;0.10450582592616547
528;0.0;0.49790050266638425;0.12208855921756775
529;0.0;0.4949058908170297;0.13271205591631005
530;0.0;0.5041503892178243;0.1325212290134757
531;0.0;0.5111469931163595;0.13633949314264968
532;0.0;0.5184240246499405;0.14408975039937003
533;0.0;0.5270154894814028;0.1539099521408045
534;0.0;0.5378863348230793;0.1584897978088283
535;0.0;0.5406300049095896;0.16679038451045686
536;0.0;0.5308486958813872;0.17676612456163895
537;0.0;0.513559565462129;0.18942542786700164
538;0.0;0.5054278307577262;0.2088897719560999
539;0.0;0.5130582411141817;0.2380068887553029
540;0.0;0.5205268985568239;0.2608782122568618
541;0.0;0.5250142568816161;0.27739212310656
542;0.0;0.52544224291869;0.2918949677219665
543;0.0;0.5250766267061142;0.3010901394369311
544;0.0;0.5327804614007883;0.30430792212613
545;0.0;0.5378889801639088;0.302995435784877
546;0.0;0.5234658507145211;0.29936972463102535
547;0.0;0.5110702997390619;0.31622328818918727
548;0.0;0.4978308850381417;0.34266518441790195
549;0.0;0.5038594662467972;0.3742101180643192
550;0.0;0.550523708662904;0.40595987897930336
551;0.0;0.5797551549950455;0.3906937267525596
552;0.0;0.5599541551680431;0.39140832076257154
553;0.0;0.5296860578322351;0.39991239223194547
554;0.0;0.520444183265437;0.4085836050539016
555;0.0;0.5192030237579228;0.4032404517745414
556;0.0;0.5119017755269675;0.4067654753665964
557;0.0;0.5141663593339896;0.4192913916258065
558;0.0;0.5333782869220207;0.43802541526666994
559;0.0;0.5484433954270191;0.43478135791848693
560;0.0;0.5338786219555118;0.4442515505165321
561;0.0;0.5207840557952803;0.4559933504016331
562;0.0;0.5233541227013265;0.4623452971572832
563;0.0;0.543811855273455;0.44517087590219656
564;0.0;0.5456183649797908;0.42184780087337
565;0.0;0.546765539613838;0.40750778242932956
566;0.0;0.5418686481172801;0.4045476640054143
567;0.0;0.4858880744680247;0.40302104878273987
568;0.0;0.47230401271966854;0.3997202228282863
569;0.0;0.482799993909277;0.38877932057759157
570;0.0;0.4956348435175573;0.36989301898612337
571;0.0;0.4603259954589672;0.3458488292290021
572;0.0;0.44293133099529153;0.3354829009026295
573;0.0;0.4225963594432433;0.3196741865571728
574;0.0;0.4042655024070137;0.30460605320196554
575;0.0;0.40465068984038005;0.3089950719671543
576;0.0;0.41920286030597226;0.2893878474332181
577;0.0;0.42730336708445277;0.2772838600043972
578;0.0;0.4208719628368846;0.2756017064719766
579;0.0;0.39039935699722866;0.2845705709051885
580;0.0;0.42653914317282765;0.2720092701599744
581;0.0;0.44349964913748813;0.2532422593560068
582;0.0;0.4535287169167988;0.23352907314989635
583;0.0;0.47406606779592503;0.21813116405657337
584;0.0;0.5037255001651406;0.21736785644523618
585;0.0;0.5306627477770423;0.2112536282283426
586;0.0;0.5356014055491676;0.20162502053307021
587;1.0;0.5051297890239697;0.19206085287734936
588;0.0;0.4934029716081471;0.2237381187478426
589;0.0;0.5099825915066509;0.23456442896391838
590;0.0;0.517875879919945;0.2371188244602499
591;0.0;0.4959084534855837;0.2404277054196472
592;0.0;0.462525542593826;0.257029645966231
593;0.0;0.41463764723473545;0.28207994419799437
594;0.0;0.36915688299189336;0.30873491448605744
595;0.0;0.3362914265751146;0.33390344868324495
596;0.0;0.331497982959888;0.3575659846346977
597;0.0;0.37213893484901645;0.33066035026421337
598;0.0;0.4005289907418354;0.25107910695692937
599;0.0;0.39298293019629865;0.13741857612635727
600;0.0;0.3294698022945441;0.07024750632868494
601;0.0;0.310715776752516;0.1050315108916672
602;0.0;0.31445172923996084;0.13969680002462712
603;0.0;0.3210203686082534;0.16494799391540846
604;0.0;0.2878942493387397;0.2220052378628631
605;1.0;0.2970660546337445;0.2618869098402372
606;0.0;0.2941616854683851;0.27844819179043484
607;0.0;0.29254282290644945;0.27873145946429045
608;0.0;0.3380805372511037;0.2793039401727933
609;0.0;0.36972655606476573;0.2666791583171896
610;0.0;0.380463026694899;0.2578794489877972
611;0.0;0.3822179199947546;0.25702571435667576
612;0.0;0.39432992484394375;0.26809367472106493
613;0.0;0.4044248895688611;0.27842747892058
614;0.0;0.4057336020483569;0.2921608787780258
615;0.0;0.4004332423078119;0.30817691360786714
616;0.0;0.39147108565047045;0.32496737962730127
617;0.0;0.3994316259400434;0.3402335318540449
618;0.0;0.4124957384204517;0.359140546315368
619;0.0;0.42612135137603163;0.38064616290729725
620;0.0;0.43600997951604;0.4030363916492998
621;0.0;0.43399844514179314;0.4091428525399972
622;0.0;0.45871367097518495;0.4071305396977973
623;0.0;0.4784396549580972;0.4108548287692941
624;0.0;0.47529333388735956;0.42984546185336636
625;0.0;0.47238302883525735;0.4716365535740835
626;0.0;0.5184124324653268;0.5553852071176844
627;0.0;0.5802811046702605;0.6106126224420689
628;0.0;0.6468277717945954;0.614168331767244
629;0.0;0.7432958245510339;0.6269537342571416
630;0.0;0.7329742422948116;0.6423360128051583
631;0.0;0.6501684931562155;0.6603822924524914
632;0.0;0.5225109256877718;0.6637243523608121
633;0.0;0.4197942767900554;0.5786155536967157
634;0.0;0.35861076936749364;0.4933464220770724
635;0.0;0.40157691132759704;0.4588623705553525
636;0.0;0.5140602015913294;0.461648443336729
637;0.0;0.5493690496499191;0.42596381250671544
638;0.0;0.5276629742870358;0.42218179589979155
639;0.0;0.5386647962601627;0.4009620360904468
640;0.0;0.5813523171594295;0.36480139282542423
641;0.0;0.623551740414908;0.33560487669177685
642;0.0;0.6021494276041679;0.34799807715524933
643;0.0;0.5536851920530401;0.35784992355896234
644;1.0;0.5052540340157372;0.36869311092825524
645;0.0;0.4939552026369884;0.39273730068537654
646;0.0;0.46401669756339653;0.4164153712892208
647;0.0;0.46975377511644717;0.41848819256141356
648;0.0;0.4954876722385823;0.4140373228654071
649;0.0;0.5199684735592047;0.42167039897877895
650;0.0;0.5471001214620166;0.43997904164428003
651;0.0;0.5192319289455516;0.4551891924080813
652;0.0;0.49781081916012343;0.465299949684987
653;0.0;0.533002627017017;0.4676778063229678
654;0.0;0.5333878144503834;0.4390537708978233
655;0.0;0.5472743483407292;0.41906872827485814
656;0.0;0.5554988635357778;0.4033793047169034
657;0.0;0.5443374178256084;0.3881398107208052
658;0.0;0.499570078347687;0.36199652503250673
659;1.0;0.45123281915650465;0.32934163088342155
660;0.0;0.43626492155038893;0.29879206570505584
661;0.0;0.4671868051947938;0.2747296562938962
662;0.0;0.5104133949392493;0.25908185026148384
663;0.0;0.5556208503097679;0.24054076316760564
664;0.0;0.606054402316007;0.22527978915832658
665;0.0;0.6695172042214474;0.21473386982862602
666;0.0;0.774972963756436;0.2059558322982484
667;0.0;0.8575193619592858;0.23714116750968067
668;0.0;0.9235317992765333;0.2653039580088771
669;0.0;0.9650604458229466;0.2762345038246396
670;0.0;0.9529056423700502;0.2579151211525471
671;0.0;0.8172833622858295;0.23541001269717943
672;0.0;0.7290193287097109;0.17754506271827694
673;0.0;0.6916273285128811;0.13749711242457313
674;0.0;0.6527661963465783;0.24359687040044187
675;0.0;0.6744285268049668;0.2040928247262544
676;0.0;0.6712859479236968;0.2172708128142495
677;1.0;0.6591512748693298;0.25011998601114016
678;0.0;0.676912695407893;0.21825189323781272
679;0.0;0.6049138732942876;0.20573729234269145
680;0.0;0.5723504158690937;0.20952688448998277
681;0.0;0.5664059263893351;0.22097362187256062
682;0.0;0.5643515934113807;0.22994248630577252
683;0.0;0.5562412365019958;0.22693154463637832
684;0.0;0.5441725464205789;0.23355870406094037
685;0.0;0.5301134631847342;0.2455653601800275
686;0.0;0.5161727750812592;0.2588058704492473
687;0.0;0.510523359391885;0.268919696299465
688;0.0;0.5155085364503555;0.27110797264251807
689;0.0;0.5164399114916352;0.2678869295941736
690;0.0;0.5049929625331215;0.26080255274613673
691;0.0;0.4964332417916451;0.24878045786757597
692;0.0;0.4883263689896979;0.23329701229318228
693;0.0;0.4806455251027452;0.23124442442626736
694;0.0;0.4754787228139727;0.24655948204016825
695;1.0;0.48677755419272156;0.25056684699968845
696;0.0;0.4924248622121639;0.247743280088152
697;0.0;0.4957035793655256;0.24887846042772716
698;0.0;0.49985925926500546;0.2546613786198494
699;0.0;0.514282388714393;0.25141732127166644
700;0.0;0.5140503299535863;0.24865138600264508
701;0.0;0.5165253366443636;0.246078099601862
702;0.0;0.5220688956867787;0.24620180146349918
703;0.0;0.518516611579066;0.2570789349250541
704;0.0;0.5136538084176301;0.2484229690767395
705;0.0;0.4946186240081237;0.24639540926089698
706;0.0;0.4763622236382435;0.24843639408497925
707;0.0;0.4972479422474458;0.23908587584609875
708;0.0;0.5236527451196575;0.21158474646727998
709;0.0;0.5207797974417447;0.18533770464387261
710;1.0;0.5044759381948687;0.16298755914075685
711;0.0;0.5064018753617008;0.1456223109828359
712;0.0;0.5038760910310482;0.12698235829256496
713;0.0;0.48656192665464465;0.12461859791323598
714;0.0;0.4672785748641451;0.1385115635829009
715;0.0;0.46205714521184377;0.16732642591088398
716;0.0;0.5038004514887233;0.17584593613973024
717;0.0;0.5237078886472486;0.17806988464753445
718;0.0;0.5244004517812078;0.17798166316481737
719;0.0;0.5098735518479578;0.1790816508042203
720;0.0;0.5046521221956575;0.178890823901386
721;0.0;0.4922844010660244;0.18918492843368015
722;0.0;0.4893748702600235;0.20526454026682803
723;0.0;0.5044654858725566;0.22353674362424958
724;0.0;0.5069050062838774;0.23880289585099324
725;0.0;0.511633477747446;0.2575188916236504
726;0.0;0.5096776030648531;0.27124807219279057
727;0.0;0.5006115038689616;0.2786557999535705
728;0.0;0.5120815296625398;0.29926510545967455
729;0.0;0.5498872783709918;0.30292668056410726
730;0.0;0.5731370499038686;0.2977418464890575
731;0.0;0.5756595006749374;0.2899892878023544
732;0.0;0.5957320458136994;0.2953324410817146
733;0.0;0.5691916208334546;0.301946750855533
734;1.0;0.5536191660664198;0.30783841161439685
735;0.0;0.5558121536162839;0.31485662235039563
736;0.0;0.5514038974344238;0.33050442838280797
737;0.0;0.5237353958905333;0.3503139869694961
738;0.0;0.48961456394761754;0.36599008141212724
739;0.0;0.457920283793895;0.3784415847685231
740;0.0;0.44242718925182273;0.39294442938392965
741;0.0;0.34601473166652924;0.40501063500384893
742;0.0;0.2954597735708819;0.47354875421197845
743;0.0;0.27469042845145847;0.5667530246303838
744;0.0;0.2346309353813491;0.6213295188409926
745;0.0;0.3688312694943681;0.6372207010942073
746;0.0;0.5083497710081442;0.5276002347074742
747;0.0;0.5874949276127224;0.3145415182283876
748;0.0;0.5377629501047447;0.032117702033628924
749;0.0;0.46448066453714637;0.17027820165112245
750;0.0;0.4961012622706383;0.23032653743434356
751;0.0;0.49739231763772157;0.2622945506261443
752;0.0;0.35211097338134484;0.3150440930011708
753;0.0;0.34586237724006724;0.3287836300052402
754;0.0;0.35875561790818916;0.3391309551059104
755;0.0;0.39020295657057463;0.34354893353172905
756;0.0;0.43833691164072824;0.34140467203711794
757;0.0;0.4851585840966039;0.34617534460797533
758;0.0;0.49840313893133187;0.3658454748948053
759;0.0;0.5070618341322373;0.3866818548259897
760;0.0;0.5257579417648333;0.405621664664586
761;1.0;0.5554173741340491;0.44951185231647406
762;0.0;0.5396427766151253;0.48691593902323144
763;0.0;0.5129308561243504;0.510663052526592
764;0.0;0.4914461936384427;0.52320411986653
765;0.0;0.4924733601274199;0.5483932710406572
766;0.0;0.4862525508182974;0.5569488370059203
767;0.0;0.49247598396141695;0.5639504582674513
768;0.0;0.5068504219340226;0.5686687733061735
769;0.0;0.4989326802481571;0.5560741977191097
770;0.0;0.4949983702119752;0.5277105115608969
771;0.0;0.5037301886553951;0.5025474432599213
772;0.0;0.5199887114919122;0.48097403037638203
773;0.0;0.5283344392148515;0.4561665330079235
774;0.0;0.5530296636907317;0.43118546946151015
775;0.0;0.5619690446087131;0.40168784957162684
776;0.0;0.5615109490011936;0.36509875675792625
777;0.0;0.568401524198082;0.3177736848550207
778;0.0;0.5558320474396137;0.26157266875450313
779;0.0;0.57811519422696;0.2080185848142565
780;0.0;0.6138842885766711;0.1641480552101511
781;0.0;0.6325016811893824;0.13781394261901825
782;0.0;0.6323265725303924;0.12091569296200452
783;0.0;0.6299375931837508;0.09518858252913184
784;0.0;0.6042126644122343;0.06517103124871709
785;0.0;0.5392812682082362;0.036402293413336714
786;0.0;0.5597817993840721;0.04155461978986272
787;0.0;0.5512313265820861;0.03102270082589527
788;0.0;0.5333408865341562;0.026418018892631914
789;0.0;0.5188051042776223;0.04119818582110202
790;0.0;0.49398191412734077;0.05455606901950276
791;0.0;0.4608325674749098;0.061488647381514855
792;0.0;0.44465314678132856;0.07957654455439256
793;0.0;0.4556079763177164;0.11308104993920962
794;1.0;0.4725562233858394;0.12701141384611325
795;0.0;0.4868066529418749;0.12380072723269589
796;0.0;0.4945043581882775;0.11686958726442315
797;0.0;0.49239384935460156;0.1087267444096098
798;0.0;0.4719361167824732;0.08773578509783721
799;0.0;0.44591716805554477;0.0717987660307778
800;0.0;0.4154817690422274;0.06747111873182791
801;0.0;0.3828234449632865;0.07646280567904763
802;0.0;0.3542339776867554;0.09878955331066033
803;0.0;0.37197126755529003;0.1148268763678528
804;0.0;0.3961152503167861;0.1260383884274896
805;0.0;0.416479600206857;0.13444321072880785
806;0.0;0.4258952930224808;0.14417538277335698
807;0.0;0.4453653241497561;0.13504110306004677
808;0.0;0.4600631389089667;0.13394140309939415
809;0.0;0.4791623491693489;0.13736199930592657
810;0.0;0.5215757654433644;0.13392711505490926
811;0.0;0.5141104415603;0.10809011134030233
812;0.0;0.4990381712789012;0.12619335137974647
813;0.0;0.462410739103068;0.1612844050597337
814;0.0;0.3834901138666558;0.17387898064679724
815;1.0;0.3667564835153217;0.14619066829594815
816;0.0;0.385099879036967;0.12176290687483887
817;0.0;0.43302721793334714;0.1094201460851868
818;0.0;0.503879897741031;0.11596081009951809
819;0.0;0.5531838892119347;0.11023600301448916
820;0.0;0.5953868610953579;0.12472062797585881
821;0.0;0.642379770979737;0.14563142080985741
822;0.0;0.7024706020907683;0.16339088474544258
823;0.0;0.7735162842450223;0.18132861361186645
824;0.0;0.8175609080048591;0.18290125743421792
825;0.0;0.8248559407601963;0.16524871409996753
826;0.0;0.7857057567175936;0.1298872423968648
827;0.0;0.6679239993148789;0.10049989936038317
828;0.0;0.5712861931016264;0.13061516552220284
829;0.0;0.5922891669808956;0.15309975289354455
830;0.0;0.7087362961666848;0.15351458564814952
831;0.0;0.6304148513821759;0.18557350532431133
832;0.0;0.6360000046454843;0.20298900137021425
833;1.0;0.6367161822854108;0.20342339627968062
834;0.0;0.6131814236682458;0.19219721260389633
835;0.0;0.5806116862469233;0.1895256359642158
836;0.0;0.5436743835775206;0.20154188137490336
837;0.0;0.5444282842078627;0.20234066936515563
838;0.0;0.5696408771313681;0.1955315051860336
839;0.0;0.5685709120386835;0.2014471391738968
840;0.0;0.5463640284919178;0.20166673395152937
841;0.0;0.5257279182217252;0.21834816972547869
842;0.0;0.5187119581707649;0.24267390108396547
843;0.0;0.5420799957949953;0.25450516905969184
844;0.0;0.5538499774307364;0.26741753377037003
845;0.0;0.5583905006542036;0.26896025900292975
846;0.0;0.548476279379311;0.2636751209377478
847;0.0;0.51449418803565;0.25852279456122174
848;0.0;0.4849336871121905;0.2708319928302797
849;0.0;0.5020387190150073;0.28266652116514984
850;0.0;0.5275440629906067;0.28165389197221685
851;1.0;0.5235049071287576;0.25741427245229537
852;0.0;0.4975689532820842;0.2566509648409582
853;0.0;0.4882835918928274;0.26447966250296506
854;0.0;0.4859988561804421;0.275051281134153
855;0.0;0.4834248750302375;0.28332894942885667
856;0.0;0.47696228587042283;0.2785582768579993
857;0.0;0.4664600031778598;0.2686818818677901
858;0.0;0.46410530572785774;0.25946369585298584
859;0.0;0.4738759688722202;0.2525848175239311
860;0.0;0.47593030185017465;0.23731866529718737
861;0.0;0.4381105306846294;0.19082766997762343
862;0.0;0.40896309005403736;0.1584645779719203
863;0.0;0.4059028393411079;0.15224937451448198
864;0.0;0.42199511433508324;0.14423464459544155
865;0.0;0.456113214909823;0.11549898981607595
866;0.0;0.45949236898745777;0.09773386819844694
867;0.0;0.43621139103549883;0.0964366288308387
868;0.0;0.44708223637717387;0.10044399379035893
869;1.0;0.46909861237035005;0.10642598567609249
870;0.0;0.4836122855994381;0.1095157513224353
871;0.0;0.48866333809667734;0.11417825668405057
872;0.0;0.4880213590410664;0.13383342767598308
873;0.0;0.5079171179876334;0.14178390934130378
874;0.0;0.5100204435380686;0.1516831268455206
875;0.0;0.49651589256252243;0.16654393971634557
876;0.0;0.4795676454943993;0.18887068734795825
877;0.0;0.5004243728886324;0.20544692859305413
878;0.0;0.5192049593731676;0.21182179375562596
879;0.0;0.5234512690796891;0.21651862878116696
880;0.0;0.5002544258702881;0.23121230029940776
881;0.0;0.49226261464112336;0.23111094148719746
882;0.0;0.49353091577571334;0.24170825941987412
883;0.0;0.4985327391252719;0.25942610582991693
884;0.0;0.5028529033067408;0.279278240871305
885;0.0;0.5527132766258407;0.26401208864456127
886;0.0;0.5446397179129043;0.2523577430988499
887;1.0;0.5083673205863248;0.25721740429575496
888;0.0;0.4672210010640811;0.2869476603998428
889;0.0;0.43837474216530586;0.3249222140638678
890;0.0;0.37874673816572196;0.35809099834978014
891;0.0;0.33208664656897074;0.3989681346881232
892;0.0;0.31603093319625214;0.4578444672520451
893;0.0;0.28115007117473606;0.5620359561995709
894;0.0;0.28374413970979734;0.6063609223325881
895;0.0;0.3748569472801359;0.5631304779427573
896;0.0;0.5373696330873707;0.4200585349537429
897;0.0;0.577086737327821;0.17312852268616333
898;0.0;0.509189828023592;0.13825226913804622
899;0.0;0.5110515672848914;0.1717423905854718
900;0.0;0.5632231512314996;0.23188834535719793
901;0.0;0.41912025254874513;0.3139439135759454
902;0.0;0.36624008287530946;0.34595728411700055
903;0.0;0.35232649338524175;0.35971772577675487
904;0.0;0.3788004837489854;0.36612720828200396
905;1.0;0.47578211974991275;0.37700434174355885
906;0.0;0.4575415269044996;0.39028455168000226
907;0.0;0.4492901281644092;0.4015114066061982
908;0.0;0.4613091374545893;0.40991469462085867
909;0.0;0.4838212030046721;0.41506702099738463
910;0.0;0.5642561030593982;0.42774674949385444
911;0.0;0.5741979821254157;0.4429221870220651
912;0.0;0.5507202596374161;0.4584204001055217
913;0.0;0.5559844878934241;0.4717782833039224
914;0.0;0.5321314711166276;0.4700054150729662
915;0.0;0.5255829836536958;0.4594833730793478
916;0.0;0.5288149449455202;0.44401718822983394
917;0.0;0.5331023112020346;0.42755362116103446
918;0.0;0.5423040109991217;0.4183939298249882
919;0.0;0.5240326633781933;0.4033694277465568
920;1.0;0.5035706509456952;0.3944782365753037
921;0.0;0.49805315818855195;0.3996434126025732
922;0.0;0.4773814325978865;0.4019333354365847
923;0.0;0.47970980568058535;0.38605145479622255
924;0.0;0.5131351710666754;0.3630864439157329
925;0.0;0.5826027891269456;0.3395883643152154
926;0.0;0.6899416872250752;0.3193607126147769
927;0.0;0.7618572778832191;0.25935054221209813
928;0.0;0.791095348320848;0.1899031663744865
929;0.0;0.783474185903891;0.13043057165890454
930;0.0;0.7865556853708227;0.11917178439168102
931;0.0;0.7096113448043839;0.15815072045786888
932;0.0;0.6559481327377883;0.1575485129453928
933;0.0;0.6540548429480633;0.12114698667539628
934;0.0;0.69954975868901;0.1566407906025754
935;0.0;0.6548590265610281;0.1842821154245801
936;0.0;0.6223071183067888;0.18837166061310498
937;0.0;0.6217516397457059;0.17893023588986043
938;0.0;0.6522242455853617;0.1898073693514153
939;0.0;0.6307555841854644;0.2075312570151652
940;0.0;0.5975936345271189;0.23837099415733837
941;1.0;0.5576587950786482;0.27683277972755543
942;0.0;0.5102807407745764;0.31118162223772877
943;0.0;0.46502738981596264;0.33927441090824756
944;0.0;0.4201551614987042;0.3611789420307227
945;0.0;0.3688703904290768;0.3753682168108155
946;0.0;0.30201897143814643;0.3797572355760043
947;0.0;0.21807634943997206;0.344273788083744
948;0.0;0.14810132059716047;0.2776439379039498
949;0.0;0.12266428233282306;0.19482180171472108
950;0.0;0.17006031635181612;0.11327101380580745
951;0.0;0.2028440467916704;0.1560162400406898
952;0.0;0.3421757614345225;0.128769706353825
953;0.0;0.49201496342421064;0.10243770340685951
954;0.0;0.5787140735831586;0.1277728035991323
955;0.0;0.6094434710450585;0.1426573020202074
956;0.0;0.680726846751168;0.14476656260047738
957;0.0;0.7177934270119499;0.18685434700330109
958;0.0;0.6781518117659651;0.2835287902657982
959;0.0;0.561782408285594;0.30356561506339924
960;0.0;0.46393026158936407;0.2707797311910529
961;0.0;0.3904405425882284;0.24093593787443074
962;1.0;0.3528141178786431;0.23544913700690934
963;0.0;0.399207804297445;0.24613544356562994
964;0.0;0.45338064235071146;0.23551300168896
965;0.0;0.5348666029892488;0.21193293364526267
966;0.0;0.6454880894712125;0.18323506067480258
967;0.0;0.7705884081078895;0.16949552367073323
968;0.0;0.8066088098366482;0.1497207742125515
969;0.0;0.7992336856239111;0.13392011487204075
970;0.0;0.742844417569493;0.13643318052158412
971;0.0;0.5970723733421506;0.19005554021802143
972;0.0;0.5250700671211184;0.13938668233428497
973;0.0;0.5145983241357317;0.08836081512430388
974;1.0;0.5356991971326144;0.08845057089369057
975;0.0;0.5345864334362225;0.21248805773598323
976;0.0;0.5579821503584306;0.15095175157520377
977;0.0;0.5662323017020336;0.13516336652794614
978;0.0;0.561198519194128;0.15449393999922797
979;0.0;0.5497284934005495;0.16937843842030312
980;0.0;0.501871610899018;0.16363464453790563
981;0.0;0.4699385618516481;0.15883443694892121
982;0.0;0.45746618845787695;0.14680428706541582
983;0.0;0.4655336607362091;0.11976507386295857
984;0.0;0.44092446360446463;0.1663268381545269
985;0.0;0.4596175602800167;0.20296368564039144
986;0.0;0.48509931125649025;0.2285160791803153
987;0.0;0.4894965989519731;0.2429602373311316
988;0.0;0.4876134603888484;0.2597530047805497
989;0.0;0.4904998498392808;0.26521324331034235
990;0.0;0.5096008881807215;0.2685984550308732
991;0.0;0.5420736297715265;0.27195087137413315
992;0.0;0.5042824626979083;0.2465708932971717
993;0.0;0.502645018229634;0.31056579793118577
994;0.0;0.5300608789706325;0.3673903097715166
995;1.0;0.5711084391018111;0.38488999979766536
996;0.0;0.5556581431634462;0.40950667026328963
997;0.0;0.59063385033187;0.4423414595227838
998;0.0;0.6176612761072631;0.4637274976484657
999;0.0;0.6133257560448719;0.4697817927928611
1000;0.0;0.5552908494176623;0.46825517757018675
1001;0.0;0.5061195121114006;0.5345471011140168
1002;0.0;0.4448419983085234;0.6306713108245441
1003;0.0;0.3903306426561061;0.7288470535798901
1004;0.0;0.4055241469722268;0.7755996447742928
1005;0.0;0.45580013989769;0.6768227493285075
1006;0.0;0.40596510163139704;0.5754777456994464
1007;0.0;0.29574357777917254;0.4894430050384853
1008;0.0;0.2382650530001587;0.4154021667387784
1009;0.0;0.17205419361365876;0.4910566910289193
1010;1.0;0.16155500790550398;0.49623433313524096
1011;0.0;0.17886564516079223;0.4685270339870421
1012;0.0;0.17676851357913065;0.48665558975630036
1013;0.0;0.22539009314269004;0.4627071970222517
1014;0.0;0.22232584215824253;0.4501943221996213
1015;0.0;0.20946329174515393;0.44908263562446904
1016;0.0;0.2350077781623497;0.4572227934776328
1017;0.0;0.3212469646327238;0.4595127163116442
1018;0.0;0.4194923423190036;0.4512544183859685
1019;0.0;0.48690362726555175;0.43197975048470993
1020;0.0;0.4929866637830412;0.40482863024929
1021;0.0;0.5007760096577847;0.4302086083262514
1022;0.0;0.5095972965391051;0.42965492262927873
1023;0.0;0.5316610305852305;0.4135869138389649
1024;0.0;0.5693498251193232;0.3899541046914727
1025;0.0;0.5784659277089954;0.3762145676874034
1026;0.0;0.5799329950222081;0.35556585019282344
1027;0.0;0.5685790631295373;0.33861409228868367
1028;0.0;0.5472683049198006;0.3311002110698984
1029;0.0;0.5454279649603833;0.33968742169744165
1030;0.0;0.49564037077441564;0.34951126736968424
1031;0.0;0.47239599745738764;0.3570072166131797
1032;0.0;0.4936712908945103;0.36090277043264674
1033;0.0;0.5402789703318489;0.3605211166269781
1034;1.0;0.6083438050118122;0.36273394155652827
1035;0.0;0.6927835145112351;0.3692462212677262
1036;0.0;0.7675710850396686;0.37293119424366183
1037;0.0;0.763804807913419;0.35308519634889496
1038;0.0;0.7293945154643213;0.313889925864225
1039;0.0;0.62163124447758;0.2725069543939979
1040;0.0;0.5022703261322523;0.20512875589776589
1041;0.0;0.5064217906918684;0.05895534832669484
1042;0.0;0.6214014869482454;0.07093889425303315
1043;0.0;0.6962711705766602;0.059302864254274404
1044;0.0;0.7170164495465585;0.032592851432433734
1045;0.0;0.6812796154508947;0.025150602221896176
1046;0.0;0.6293713612046503;0.026582667029397655
1047;0.0;0.6022650483546872;0.035232783409835364
1048;0.0;0.6108534162017618;0.061182748979484475
1049;0.0;0.6638569921003736;0.11424921744188565
1050;0.0;0.6594487359185133;0.10279960327182786
1051;0.0;0.6523297581229455;0.0857009374203789
1052;1.0;0.6362121265692859;0.07462108633440602
1053;0.0;0.6072188469393829;0.07851376336639362
1054;0.0;0.5871463018006209;0.08767345470243984
1055;0.0;0.5763916148803647;0.11322910860150767
1056;0.0;0.5730975418460742;0.1401566065568311
1057;0.0;0.576449274707771;0.15873346170837632
1058;0.0;0.5888180711792044;0.16216834595939367
1059;0.0;0.5807464265746811;0.1867027403030914
1060;0.0;0.5736229753572175;0.20266459563539568
1061;0.0;0.5700697449487093;0.20990220936321388
1062;0.0;0.5308234253490403;0.28356139385725226
1063;0.0;0.550919176363901;0.3129939024571551
1064;0.0;0.5809857331392356;0.3283511529540943
1065;0.0;0.6030052276236297;0.3370538186524941
1066;0.0;0.6068143033535869;0.3311381846646309
1067;0.0;0.5841894559553356;0.3245758488512829
1068;0.0;0.5582647931975804;0.32292649069613427
1069;0.0;0.5307403874551151;0.3265790518664659
1070;0.0;0.49205044970364203;0.33325799346566626
1071;0.0;0.4535882693457674;0.3353671581530222
1072;0.0;0.4125835938456411;0.3523616842977037
1073;0.0;0.37283455195368304;0.37971696055128895
1074;0.0;0.34291832796222316;0.4026161888914045
1075;0.0;0.34750509088317144;0.41914966189596503
1076;0.0;0.3545900233572979;0.43054941174970296
1077;0.0;0.35798057605803385;0.4266475289977721
1078;0.0;0.35254515338719633;0.3921078595847644
1079;0.0;0.29561946182842397;0.37158274805890834
1080;0.0;0.2726613014853358;0.3488329208819156
1081;0.0;0.27134598640717794;0.32708728432124673
1082;0.0;0.27434451250069186;0.3105900588389344
1083;0.0;0.28483017040900044;0.3113533664502716
1084;0.0;0.26704519988497405;0.31957762239076737
1085;0.0;0.23432736639072665;0.3556515784597382
1086;0.0;0.2000276835993588;0.43435194944066274
1087;0.0;0.2046499327997559;0.5186974404934217
1088;0.0;0.2651727502193721;0.5110992694014571
1089;0.0;0.319045503389449;0.4534133514967211
1090;0.0;0.3320969268365969;0.375695019868527
1091;1.0;0.34420893168578587;0.32398092920043275
1092;0.0;0.3526851413829423;0.2890620033046587
1093;0.0;0.36446727438104504;0.2680440021905768
1094;0.0;0.38137233572241197;0.2580734403568589
1095;0.0;0.3955814721532627;0.249104575923647
1096;0.0;0.37364841364287965;0.2750075539644604
1097;0.0;0.3448711916877734;0.29871468012185015
1098;0.0;0.3230459254395979;0.3078158767791367
1099;0.0;0.3261702235102369;0.30018280066576486
1100;0.0;0.3472987112845907;0.29609603637179926
1101;0.0;0.3843329237571626;0.3101807878734602
1102;0.0;0.422749681677331;0.3431457997128797
1103;0.0;0.4221505012254277;0.38779929497610505
1104;0.0;0.41575995996632614;0.40393040130514146
1105;0.0;0.42764450851762253;0.4126727666707679
1106;0.0;0.4531981138332856;0.4196602916736472
1107;0.0;0.4755817835722463;0.4299649444266992
1108;0.0;0.4932984268781872;0.425809137233215
1109;0.0;0.508201846989883;0.4187370346784264
1110;0.0;0.5239667879394232;0.4082559389599395
1111;0.0;0.54592247164131;0.3920356522190243
1112;0.0;0.5710544139296938;0.3618372468990388
1113;0.0;0.5636309853632302;0.3049494457341511
1114;0.0;0.5439678873688807;0.26556929370743954
1115;0.0;0.5368175095927021;0.29294902265460554
1116;0.0;0.6136838018511599;0.2921857150432683
1117;0.0;0.6149991599429929;0.24682069434334553
1118;0.0;0.6167071898471275;0.19424471814626798
1119;0.0;0.6771660889500437;0.16733371377249476
1120;0.0;0.6652680771193917;0.18679805786159298
1121;0.0;0.6300969158250787;0.18335607753478947
1122;0.0;0.5797876518242764;0.1456103243683175
1123;0.0;0.5321710867086249;0.07977360449677441
1124;0.0;0.6163559402010448;0.12156469621748531
1125;0.0;0.7167665401118715;0.09988925327130507
1126;0.0;0.7518701484341528;0.05738155378934699
1127;0.0;0.697003069713712;0.018451714896167815
1128;0.0;0.6320347892859064;0.015016830645150483
1129;0.0;0.5721154321785751;0.012194510341523003
1130;0.0;0.5451723132004505;0.031708718746949666
1131;0.0;0.5538607308487555;0.07589368122261414
1132;0.0;0.570723380709464;0.12455454144535971
1133;0.0;0.5743213023232372;0.11648246756253933
1134;0.0;0.5630769477601576;0.0982795947833836
1135;0.0;0.5401416706906002;0.08288417890587794
1136;0.0;0.515703667973685;0.07677771801518046
1137;0.0;0.49564402693654425;0.08261999392230832
1138;0.0;0.49487739425928706;0.08931178517225208
1139;0.0;0.5063737659270053;0.09135929071462003
1140;0.0;0.5105680290903287;0.08067298415589942
1141;0.0;0.4960266120427516;0.0764937790909135
1142;1.0;0.48836121006407324;0.07941074570263201
1143;0.0;0.49293098258455165;0.08542706725229153
1144;0.0;0.5144158816456572;0.088289470794806
1145;0.0;0.5044267090471857;0.09353663526525352
1146;0.0;0.5022542175120632;0.10426360042035804
1147;0.0;0.5128193001658476;0.11236578467878558
1148;0.0;0.5395373285980527;0.10856439770282905
1149;0.0;0.5353430654347293;0.11982318497005254
1150;0.0;0.5269232466616525;0.13536982397608863
1151;0.0;0.5227617169027745;0.15671271028957187
1152;0.0;0.5293369803765695;0.18534681447089757
1153;0.0;0.5284810083024221;0.2277103869001113
1154;0.0;0.5481033293356541;0.25769801959073335
1155;0.0;0.5595188568067189;0.2799065312569209
1156;0.0;0.5447311864865552;0.2998781488716463
1157;0.0;0.5066832277906925;0.34529495174620883
1158;0.0;0.48220438359215084;0.3992718275530885
1159;0.0;0.4800898314733047;0.44334708853284893
1160;0.0;0.49866763000087616;0.46954225228870106
1161;0.0;0.5003367755454642;0.48213682787576456
1162;0.0;0.4758131756211323;0.4941207573737583
1163;0.0;0.44700068245493046;0.5168497757879802
1164;0.0;0.4265252712635838;0.547089798633507
1165;0.0;0.4370109291718924;0.5547228747468789
1166;0.0;0.4228791098165822;0.5670028256765562
1167;0.0;0.43747154107923053;0.5723367732359801
1168;0.0;0.47646887603813476;0.5711518244730038
1169;0.0;0.489394054357764;0.5728692665985122
1170;0.0;0.4953940314744902;0.5677063920012266
1171;0.0;0.5068354746829797;0.5648017955756734
1172;0.0;0.5203338962102553;0.5663372329466196
1173;0.0;0.5243569649587492;0.5739703090599915
1174;0.0;0.516028528731981;0.5751140238690893
1175;0.0;0.5187643703301761;0.5759151132893292
1176;0.0;0.5296232793778524;0.572718043469985
1177;0.0;0.5404513261158199;0.5587876795630815
1178;0.0;0.5307208162343329;0.5580307008841998
1179;0.0;0.5318062232352891;0.5568648348115066
1180;0.0;0.5428506287437571;0.5492501701380068
1181;0.0;0.5610400353193943;0.5290225184375714
1182;0.0;0.5729475316647414;0.5206082986304839
1183;0.0;0.59335257248859;0.4973245396972142
1184;0.0;0.5984845982234845;0.47990530382759583
1185;0.0;0.5689198389464889;0.4858706103459472
1186;0.0;0.5363501015251715;0.49789270522450785
1187;0.0;0.5181635338518955;0.4911415562595555
1188;0.0;0.5051977076121621;0.4697294352607192
1189;0.0;0.495331339047459;0.43807662208380754
1190;0.0;0.5297842150319014;0.41574987445219486
1191;0.0;0.5257723728518062;0.39935199403085464
1192;0.0;0.49751479906894397;0.3754110809442577
1193;1.0;0.4626899408484751;0.3434286838150687
1194;0.0;0.49380452574374184;0.34209289549522864
1195;0.0;0.5025972085331314;0.33193054782951414
1196;0.0;0.49795753879554366;0.32972980540738406
1197;0.0;0.48954397851175896;0.3380983801864532
1198;0.0;0.5064494269761748;0.34325070656297924
1199;0.0;0.49698370925993046;0.3678934599017588
1200;0.0;0.4780296701427799;0.3908009350326483
1201;0.0;0.4573646116712869;0.41185575902647775
1202;0.0;0.4463225719147825;0.4463954284394854
1203;0.0;0.40413110618863074;0.5010150744622965
1204;0.0;0.3499645911451574;0.5705663982208531
1205;0.0;0.3222633561968448;0.627447774560355
1206;0.0;0.3994292386812542;0.6123724492364457
1207;0.0;0.4544702646915309;0.4795835830944047
1208;0.0;0.42167053316564823;0.2971536393423046
1209;0.0;0.33866339401444595;0.1525749309642954
1210;0.0;0.27622023120537603;0.17604664001291387
1211;1.0;0.3725758032093774;0.1865619695024099
1212;0.0;0.3526865823409459;0.23654711089508312
1213;0.0;0.2794425359278248;0.29177021103825457
1214;0.0;0.24357730602103883;0.3087538053905069
1215;0.0;0.25025337203533;0.301409750525948
1216;0.0;0.2685850463313328;0.29448340520347505
1217;0.0;0.30207768510053773;0.28182995136598776
1218;0.0;0.35234230090972846;0.25955652019567227
1219;0.0;0.3834568858049949;0.2696703460458899
1220;0.0;0.4181240559036791;0.2980820745550187
1221;0.0;0.4479576291242597;0.3352005921579375
1222;0.0;0.4668569763573735;0.3723533435318653
1223;0.0;0.46874011492049833;0.3830396500905858
1224;0.0;0.47062325348362327;0.36619768957525917
1225;0.0;0.4829549721697353;0.33968866830534744
1226;0.0;0.5069963028028412;0.31495452901762777
1227;0.0;0.5167971830518316;0.3113288178637761
1228;0.0;0.5440863040080841;0.3081582144892469
1229;0.0;0.5512530269796458;0.3102702559640841
1230;0.0;0.535128448717948;0.3176806687265106
1231;0.0;0.5405638713887855;0.32283299510303654
1232;1.0;0.5262802782915852;0.33164871854940114
1233;0.0;0.5202695907705142;0.3362803463920626
1234;0.0;0.5161096095038284;0.3362432358335717
1235;0.0;0.47202704768522524;0.3360524089307374
1236;0.0;0.4706802896127849;0.35271380308523936
1237;0.0;0.4930754870158593;0.37158495359597926
1238;0.0;0.5264985726773286;0.3898391290851937
1239;0.0;0.5496954158867295;0.40663189653461185
1240;0.0;0.550749810030126;0.44016986854711304
1241;0.0;0.5475872728050193;0.46383413057105427
1242;0.0;0.5491421095160918;0.47554409400804504
1243;0.0;0.5670747244694847;0.4763074016193823
1244;0.0;0.5595356751524962;0.4641483716567742
1245;0.0;0.5601997632355535;0.45583704494855637
1246;0.0;0.5453977693625771;0.4525057250468178
1247;0.0;0.4847949465129244;0.4544139940751608
1248;0.0;0.46488282086414884;0.43433094889204366
1249;0.0;0.45129028542239086;0.43787515106730596
1250;1.0;0.430896600207965;0.45820866854700554
1251;0.0;0.3943041381475408;0.4876938223578012
1252;0.0;0.40513218488550845;0.5033416283902135
1253;0.0;0.4502626887967078;0.5131383363672268
1254;0.0;0.5133673158548375;0.5216304212221017
1255;0.0;0.5799493617244356;0.5314383486702876
1256;0.0;0.6087956206232108;0.5373539826581508
1257;0.0;0.6000443600000072;0.5434132642341778
1258;0.0;0.5837406513009848;0.5373002826251871
1259;0.0;0.5707870839577862;0.5146488415800075
1260;0.0;0.5346650624287559;0.487933075183206
1261;0.0;0.46954462113600454;0.4285531130244616
1262;0.0;0.430793388901847;0.3476386705060754
1263;0.0;0.43992450326308136;0.2723607176971107
1264;0.0;0.5044219990501058;0.3091903099441299
1265;0.0;0.48939048422297743;0.3104490003595016
1266;0.0;0.4580776278063147;0.2860652537868291
1267;0.0;0.43017457270864295;0.2524718556688874
1268;1.0;0.4175917832186728;0.25418929779439603
1269;0.0;0.4444129584365058;0.2557403657106496
1270;0.0;0.47468765837097765;0.25768814262038353
1271;0.0;0.5128984668292935;0.25644153471241893
1272;0.0;0.5837301559650105;0.2434653053196868
1273;0.0;0.6667340260771406;0.24701430214074283
1274;0.0;0.7579560453608574;0.2583742564343444
1275;0.0;0.8361886669125393;0.2760933494522956
1276;0.0;0.8664900783373655;0.29937423159807974
1277;0.0;0.8458602265564528;0.2810858223378501
1278;0.0;0.8057917436288791;0.1792488880497064
1279;0.0;0.7816087689736604;0.09346289361285547
1280;0.0;0.814392499413515;0.14861186853196712
1281;0.0;0.8637167073102918;0.17804313052397347
1282;0.0;0.7558808937655996;0.15411257387230315
1283;0.0;0.6383254312916453;0.14601614318884074
1284;0.0;0.645650552110598;0.21348831674274035
1285;0.0;0.6531831063630973;0.2180681624107635
1286;0.0;0.6344408450603716;0.23281745182028335
1287;0.0;0.6092065302324674;0.24947405132898526
1288;0.0;0.5886012607651456;0.2610703816605178
1289;1.0;0.5422931715537584;0.2519106903244716
1290;0.0;0.5053290068461507;0.24017397276391833
1291;0.0;0.475010002829449;0.2317656983176259
1292;0.0;0.4453183317130179;0.22711824814382442
1293;0.0;0.3828323703002406;0.20803555786039485
1294;0.0;0.3271081581365089;0.2239253976127844
1295;0.0;0.32492209578784786;0.23907264262369154
1296;0.0;0.3827766030744055;0.24071739791887442
1297;0.0;0.4500560081024096;0.23003109136015387
1298;0.0;0.4769630601165202;0.2954963220751524
1299;0.0;0.4578527308219141;0.3540391390772353
1300;0.0;0.41547443521114075;0.3762273214452337
1301;0.0;0.4289131967752586;0.3357720180443629
1302;0.0;0.49619023605132;0.297307451579581
1303;0.0;0.557571928967932;0.26815581333062466
1304;1.0;0.5937941723528644;0.24377791622583034
1305;0.0;0.583993292103874;0.21057403513266273
1306;0.0;0.573219765195252;0.20495192936067444
1307;0.0;0.5835219697922007;0.20478680175932856
1308;0.0;0.5981543607561886;0.20717117911559788
1309;0.0;0.5843732103624115;0.21136937097795244
1310;0.0;0.5580857487875976;0.21774011274513852
1311;0.0;0.5446558695467667;0.2302263293371275
1312;0.0;0.5412804576585979;0.24708008468112036
1313;0.0;0.542521617166112;0.2657811211588814
1314;0.0;0.5411399319919521;0.2754283320798551
1315;0.0;0.5265696957840886;0.29096394340055265
1316;0.0;0.5224757189972009;0.303892034549451
1317;0.0;0.5481304494558812;0.3068184945598546
1318;0.0;0.5019935546593235;0.32513787723194704
1319;0.0;0.5111598757111497;0.33291843665011966
1320;0.0;0.5295987615847735;0.33516885160273985
1321;0.0;0.525933566587881;0.3365990944448398
1322;1.0;0.5118956245718598;0.35243772738008644
1323;0.0;0.5135387468448502;0.34901339134982445
1324;0.0;0.5140114025803639;0.34170174829087596
1325;0.0;0.5061774515276867;0.3401630505607892
1326;0.0;0.5011700148939231;0.3575282987187102
1327;0.0;0.4339838420001138;0.37549460367410137
1328;0.0;0.41435734864071366;0.3987956233322465
1329;0.0;0.4631733284951686;0.4241709985492365
1330;0.0;0.4836310610672971;0.4274150558974195
1331;0.0;0.48578686329765647;0.4208730493822615
1332;0.0;0.4837054101994633;0.41189881494575364
1333;0.0;0.48604741861620954;0.4019061977413559
1334;0.0;0.5093726576367326;0.3891207952514581
1335;0.0;0.5183033712997913;0.3535080841084396
1336;0.0;0.49039158442668046;0.32398706634705976
1337;0.0;0.45977361388228316;0.31102991964461474
1338;0.0;0.5178941177169076;0.3274410332883642
1339;0.0;0.5232876880848178;0.3208443678110871
1340;1.0;0.5300214784470205;0.31422555107021727
1341;0.0;0.5254508456530997;0.3175990638549989
1342;0.0;0.4765748402192697;0.3439331764461318
1343;0.0;0.47115251521158014;0.3821846688515574
1344;0.0;0.44794048817593707;0.4138249200564749
1345;0.0;0.38655419279640196;0.45355210854618194
1346;0.0;0.266033324756415;0.5214864859551915
1347;0.0;0.30817962612689836;0.631752791131138
1348;0.0;0.39693102611439096;0.6735036078271253
1349;0.0;0.5339500031443156;0.6267291530478691
1350;0.0;0.7143271487415406;0.47465161863885025
1351;0.0;0.6694314134524968;0.19241862934692586
1352;0.0;0.5692475386071421;0.11738683365331229
1353;0.0;0.5425866323314443;0.13119004355360384
1354;0.0;0.6523299946981398;0.1496561423871721
1355;0.0;0.509896241559973;0.181142581354831
1356;0.0;0.4946583041206079;0.2161842501830837
1357;0.0;0.5119339282468385;0.256254255847478
1358;0.0;0.518180653293381;0.29947606987486625
1359;0.0;0.5568705910448541;0.3256193555631649
1360;0.0;0.5965011517771044;0.3499652244340132
1361;0.0;0.6432727133050209;0.36237616508694276
1362;0.0;0.7001496058528438;0.35948633617044884
1363;0.0;0.7699113298958762;0.3440293570408709
1364;0.0;0.7979923540617171;0.34446576570157894
1365;0.0;0.8123505328662801;0.39266576457006536
1366;0.0;0.8099637257100618;0.4768518815964266
1367;0.0;0.7546251311164172;0.527421010847515
1368;0.0;0.6902605475760795;0.5802992415158152
1369;0.0;0.5778952868284715;0.5892989834679587
1370;0.0;0.44455926944202334;0.5605631369027608
1371;0.0;0.37368478170259917;0.5294583517407705
1372;0.0;0.35558454246917154;0.4579859093031205
1373;0.0;0.34208771244776187;0.4188872988777911
1374;0.0;0.3276188809718022;0.41074407245131844
1375;0.0;0.31242537665568154;0.41608722573067874
1376;0.0;0.3091468745706825;0.4203498576325831
1377;0.0;0.33006614384410543;0.4193119127098284
1378;0.0;0.3647842851441891;0.40729461247706256
1379;1.0;0.3986379806767281;0.37733478873207804
1380;0.0;0.3882983541850809;0.33536456904428213
1381;0.0;0.3736364988557163;0.31914044658673424
1382;0.0;0.37227419134083145;0.3121575244438209
1383;0.0;0.4004399739474999;0.29770761271804524
1384;0.0;0.4541094229965567;0.2854946909366503
1385;0.0;0.48503229595541214;0.2943439769036187
1386;0.0;0.4968244511391016;0.310775611631391
1387;0.0;0.49546317595234374;0.3239608875809942
1388;0.0;0.5267917538661473;0.3203351764271426
1389;0.0;0.523186304859752;0.3298903301487635
1390;0.0;0.5072621703098892;0.34481798038203765
1391;0.0;0.48482456142614744;0.3551744153097207
1392;0.0;0.4079582691676897;0.3158640733258557
1393;0.0;0.4322536170412084;0.3001439640347853
1394;1.0;0.47077214530948813;0.30007108541862987
1395;0.0;0.4911531845043184;0.3185993228617705
1396;0.0;0.49971290524579476;0.38557956575660846
1397;0.0;0.524211514226655;0.44581393379687934
1398;0.0;0.5295349508022598;0.4850460271612869
1399;0.0;0.5088108345590141;0.5042324735798251
1400;0.0;0.47187563955954354;0.5204527603207403
1401;0.0;0.43147332752305406;0.5098666618592338
1402;0.0;0.4094335090786057;0.47430765074917364
1403;0.0;0.4163547530236827;0.4202005523623705
1404;0.0;0.46878304256522557;0.36238000080357874
1405;0.0;0.5200538341914258;0.3131610438097305
1406;0.0;0.572044201537647;0.2838539631439404
1407;0.0;0.5993912188964967;0.2666104989893355
1408;0.0;0.5553514556816008;0.24485623206622564
1409;1.0;0.515621898983087;0.25668855486402975
1410;0.0;0.47613500391554325;0.2661150202923797
1411;0.0;0.4443743321589843;0.25762983972745557
1412;0.0;0.4305931817652074;0.21393047897840162
1413;0.0;0.4459470840644694;0.15881295693573672
1414;0.0;0.48915980189968417;0.12566661159216816
1415;0.0;0.5463086268822988;0.10787828388886803
1416;0.0;0.6037643114014446;0.09740274995950898
1417;0.0;0.6825137422230272;0.06973284904853601
1418;0.0;0.7558366972175623;0.06866421839266404
1419;0.0;0.8127730776738344;0.10154465268017301
1420;0.0;0.8424028306093243;0.17386613099605097
1421;0.0;0.8035416984430215;0.2877897919881259
1422;0.0;0.7130745475972597;0.33843333414202964
1423;0.0;0.6074611429541124;0.29872503655674015
1424;0.0;0.5136080848842157;0.1840571506436631
1425;0.0;0.48874209613022673;0.241305221493952
1426;0.0;0.5606406963879442;0.1980958735456095
1427;0.0;0.5941798544434513;0.1630364645279178
1428;0.0;0.5537428733872811;0.1677946710196901
1429;0.0;0.5328571547780789;0.15367348020995217
1430;0.0;0.5064642451861925;0.13188862344663702
1431;0.0;0.48108243647676857;0.1339620200763392
1432;0.0;0.4653452823593936;0.15937249210058482
1433;0.0;0.483534688935031;0.1744478174244942
1434;0.0;0.5023860759237906;0.1557439041592444
1435;0.0;0.49556903259929147;0.1469428523290337
1436;0.0;0.47007035574286177;0.15212624801034355
1437;0.0;0.4565031983676216;0.160140977929384
1438;0.0;0.45386314821712365;0.167126393288111
1439;0.0;0.44164851274637745;0.17256006948017208
1440;0.0;0.4279557554487043;0.17260322129236755
1441;0.0;0.43253520604539425;0.16019947260813827
1442;0.0;0.43751640433919664;0.15352781887055483
1443;0.0;0.43969102505108765;0.14817488451376312
1444;0.0;0.4468003677841164;0.14374597429551966
1445;1.0;0.4696120235601508;0.14012026314166803
1446;0.0;0.49376364124843913;0.1273460801229403
1447;0.0;0.4873197630359665;0.12881611852517985
1448;0.0;0.47198435661569776;0.14094724364923072
1449;0.0;0.4706212533478738;0.1592873391911787
1450;0.0;0.48354643166750305;0.17875168328027694
1451;0.0;0.48117663641860103;0.18716082076281138
1452;0.0;0.46927776431450646;0.20239647904227212
1453;0.0;0.4536597150550801;0.23626010339749892
1454;0.0;0.45554285361820473;0.2622125621829632
1455;0.0;0.4784845397249034;0.2697240460788477
1456;0.0;0.49676126405483484;0.2619126091417187
1457;0.0;0.49616040606971884;0.24183857789271068
1458;0.0;0.4777142078718372;0.22142009928944098
1459;0.0;0.45447697482436394;0.20871563042064567
1460;0.0;0.4459748924034617;0.20555020526358184
1461;0.0;0.45817421500694927;0.20993231973881812
1462;0.0;0.4803438917273732;0.20706991619630366
1463;0.0;0.46544524613327304;0.2106003097916548
1464;0.0;0.4679003374938862;0.22011403777356314
1465;0.0;0.4960233645105147;0.2290370653929264
1466;1.0;0.5227724918276282;0.2137709131661827
1467;0.0;0.5169227399605962;0.20962258562014752
1468;0.0;0.4985723332104088;0.22044160797460946
1469;0.0;0.4836725907676768;0.23960177973416413
1470;0.0;0.5032743512656577;0.24799816345887316
1471;0.0;0.51079013018605;0.2500648475844431
1472;0.0;0.5077090393490025;0.2512906467296344
1473;0.0;0.5077260297494703;0.24705601555920043
1474;0.0;0.5363582956297088;0.2272100176644336
1475;0.0;0.5039280945605775;0.2273726520499652
1476;0.0;0.5002945146126578;0.2337194205881517
1477;0.0;0.5130703494628677;0.24634583262332638
1478;1.0;0.5160234531186771;0.26676431122659605
1479;0.0;0.5322164661326354;0.2622287680857635
1480;0.0;0.5317284760230272;0.27021616852374475
1481;0.0;0.5307315911591854;0.28420387639441475
1482;0.0;0.5455298213358404;0.2963811260110587
1483;0.0;0.5055987240768411;0.30630412495844517
1484;0.0;0.4799550481318737;0.329100556092617
1485;0.0;0.4439233123005016;0.360900469002673
1486;0.0;0.38038308578534513;0.39884050121694153
1487;0.0;0.3200370545579368;0.4459747462170128
1488;0.0;0.2997767977542854;0.5632546592690122
1489;0.0;0.2795490592866942;0.6813272231646041
1490;0.0;0.2594728149721874;0.7485074027892538
1491;0.0;0.43430511111684195;0.6593912391656371
1492;0.0;0.6230329310093059;0.42861860788603506
1493;0.0;0.6890892422719994;0.2375721102741467
1494;0.0;0.6121807105875863;0.16567294436035696
1495;0.0;0.5927501445044352;0.23627889840904664
1496;0.0;0.5093816044804991;0.3298903301487829
1497;0.0;0.43981645291882837;0.38391831687986866
1498;0.0;0.3987135126848635;0.3923235227528497
1499;0.0;0.35510173550704144;0.40167404099173026
1500;0.0;0.38066454574854364;0.40108046384170565
1501;0.0;0.41626737074887993;0.41367292978462267
1502;1.0;0.4468901803313932;0.4416539073150924
1503;0.0;0.4648655938884934;0.4784834995621117
1504;0.0;0.5012826461942399;0.49876552254591416
1505;0.0;0.5344099268328977;0.5175229440582816
1506;0.0;0.5546076417573709;0.5339906345224676
1507;0.0;0.5487442330494596;0.5427686720528453
1508;0.0;0.5803630242087106;0.5515467095832229
1509;0.0;0.6020662391623928;0.5750774886680994
1510;0.0;0.5880772467051705;0.5913232829246613
1511;0.0;0.5072306843019261;0.5676607469732087
1512;0.0;0.4829150339752161;0.5152078013873522
1513;0.0;0.44650224002300526;0.465083615266491
1514;0.0;0.40166416456136805;0.41578708090360006
1515;0.0;0.35610855652914913;0.36510057872333357
1516;0.0;0.43528597338780545;0.33437744736701186
1517;1.0;0.46448978343563535;0.34993703191671455
1518;0.0;0.4528965664852495;0.36202490933564224
1519;0.0;0.4161255761789097;0.33444706562402776
1520;0.0;0.49063794523346144;0.3187992595916155
1521;0.0;0.6005523299603066;0.35250504420711853
1522;0.0;0.7252736336255592;0.37516847186679075
1523;0.0;0.8385299656036882;0.3572614287334867
1524;0.0;0.8128508033792592;0.347147602883269
1525;0.0;0.7963612110963951;0.30667197018420383
1526;0.0;0.8075107850330729;0.2617355908187876
1527;0.0;0.8386389622487076;0.2241763493739471
1528;0.0;0.802688135134507;0.19936885200548862
1529;0.0;0.7057422004813918;0.18742327967389458
1530;0.0;0.6491917171840806;0.15780099899321778
1531;0.0;0.6371296081944873;0.13416876520322726
1532;1.0;0.5681810576218951;0.24217679220743898
1533;0.0;0.5988979811189001;0.3126384274175513
1534;0.0;0.6052067964010701;0.3360850125221761
1535;0.0;0.5670017517748156;0.3149097470258559
1536;0.0;0.49997913836905566;0.26033325281524716
1537;0.0;0.4258218901910948;0.17887874139396914
1538;0.0;0.37148340648669714;0.11661182710622273
1539;0.0;0.34109575264937536;0.07939386854941534
1540;0.0;0.33583152439336733;0.06660846605951748
1541;0.0;0.32714000976067553;0.07159202090388851
1542;0.0;0.3218825776648541;0.07462434669354992
1543;0.0;0.32121371506420243;0.07518982721918492
1544;0.0;0.32600715867942925;0.07480817341351634
1545;0.0;0.3206621077336031;0.10907109587096625
1546;0.0;0.2568590676820876;0.15257004042558955
1547;0.0;0.1954559754636423;0.20734522475814995
1548;0.0;0.20264347403882793;0.27570862707332233
1549;0.0;0.261748345758722;0.3127290462231759
1550;0.0;0.3680156442446299;0.3334116139170957
1551;0.0;0.515937683856619;0.27560170647193194
1552;0.0;0.6811895448215459;0.11475764168254565
1553;0.0;0.5149169694183677;0.2933716227354471
1554;0.0;0.3870811963065563;0.3943774531206072
1555;0.0;0.3137798341754217;0.41427427426082325
1556;1.0;0.30451785071694665;0.3555166571268995
1557;0.0;0.3561329667880491;0.2641105706692715
1558;0.0;0.43651209961694154;0.1681503378451064
1559;0.0;0.5345179986839854;0.10472916052751774
1560;0.0;0.6303794296232321;0.08689096850790533
1561;0.0;0.6376979908571945;0.09662314055245444
1562;0.0;0.613383372858598;0.09785872077507546
1563;0.0;0.5961435361075333;0.10867697598621257
1564;0.0;0.6070272210303347;0.12818303349376586
1565;0.0;0.6815823886885937;0.13104543703628035
1566;0.0;0.7085962651572744;0.1883596739986186
1567;0.0;0.7428876678167793;0.22232101323523693
1568;1.0;0.7831212802314127;0.2250259606096826
1569;0.0;0.7929221604804029;0.22063694184449376
1570;0.0;0.7757867609251086;0.2839321158704899
1571;0.0;0.8201919682979091;0.3168218517708406
1572;0.0;0.8993460502394601;0.30264648146355405
1573;0.0;0.934868891316587;0.23528458476304742
1574;0.0;0.7816842149544423;0.2269336542805298
1575;0.0;0.5808963722354803;0.27432882390504026
1576;0.0;0.4226376740752666;0.3526854187821134
1577;0.0;0.4218245006048263;0.4261537763733174
1578;0.0;0.48230651955648435;0.4456647244195837
1579;0.0;0.5536982467025244;0.42481664555264015
1580;0.0;0.5960625628698637;0.3687486329266075
1581;0.0;0.5690189209401013;0.2841348334948969
1582;0.0;0.5320409273369233;0.2841348334948969
1583;0.0;0.5065750914191158;0.2972625736949063
1584;0.0;0.48193905375600005;0.30357002613753076
1585;0.0;0.4503633622961684;0.28783112183492104
1586;1.0;0.430932796213017;0.27027504677416586
1587;0.0;0.4134953116387959;0.258411942350329
1588;0.0;0.4103214403111011;0.25179053650072736
1589;0.0;0.4240109715833719;0.24919087954804475
1590;0.0;0.4086034742487144;0.24136697653183853
1591;0.0;0.3846901738105169;0.2530180617184076
1592;0.0;0.34855073174429824;0.27253706476962447
1593;0.0;0.299133033631283;0.2920560678208403
1594;0.0;0.24041334934475517;0.29491847136335475
1595;1.0;0.15810285962635712;0.21169262599777472
1596;0.0;0.09030412902864443;0.236948998106023
1597;0.0;0.04815907505466016;0.415548595221527
1598;0.0;0.028086529915898162;0.6807979901611989
1599;0.0;0.23229727161698982;0.7224212692789111
1600;0.0;0.47271014781133397;0.5997554347070397
1601;0.0;0.6557564853218922;0.4052136403070145
1602;0.0;0.6335868086014684;0.3620867602664635
1603;0.0;0.5620217793706461;0.3213280516793656
1604;1.0;0.46035064229303163;0.2971915170441474
1605;0.0;0.3703374362354697;0.2767174205495892
1606;0.0;0.37174979015781345;0.22920152174384945
1607;0.0;0.39757859694737324;0.1967077276936451
1608;0.0;0.4650129372221829;0.1562760139501055
1609;0.0;0.520524898421062;0.11956273981019969
1610;0.0;0.4818777592732962;0.10696816422313615
1611;0.0;0.48440141442719237;0.10174583601793422
1612;0.0;0.47834971336980087;0.11169424658806262
1613;1.0;0.46657110749280845;0.13000921818601932
1614;0.0;0.45468415017589275;0.1486416912288395
1615;0.0;0.5063848634544099;0.15493897902237128
1616;1.0;0.5126744946388251;0.16084387300364267
1617;0.0;0.5090052563567669;0.16113097639413473
1618;0.0;0.5233143995751708;0.15205758868248634
1619;0.0;0.5180501713191628;0.14480616637478308
1620;0.0;0.515579035858873;0.1466873936008175
1621;0.0;0.5022232046544957;0.14731587577226032
1622;1.0;0.47320172956255696;0.1416992358964778
1623;0.0;0.4644280158025436;0.14341667802198646
1624;0.0;0.4663581252955689;0.1458638652382335
1625;0.0;0.44044066732787174;0.14565002403555868
1626;0.0;0.38726036975758577;0.14159567154719951
1627;0.0;0.4156786426192873;0.13587086446217064
1628;1.0;0.4345246959127083;0.13858990809527116
1629;0.0;0.45962824917753015;0.1537139470205107
1630;0.0;0.49537917025079753;0.1751223281956142
1631;0.0;0.5388197530137901;0.17245075155593406
1632;0.0;0.5673019011785094;0.1676848736308761
1633;0.0;0.6008749325008087;0.13652830629424012
1634;0.0;0.6443531092131902;0.09464765058999672
1635;0.0;0.6986645373178579;0.10304403431470574
1636;0.0;0.7588775272575614;0.1542840304061167
1637;1.0;0.8461197065332169;0.24310522742013313
1638;0.0;0.9059829092916416;0.34785721046165785
1639;0.0;0.8178605842581426;0.4253329330123822
1640;0.0;0.6974821344863678;0.30734609738365265
1641;0.0;0.6144205400263312;0.29895757687807767
1642;0.0;0.6604394483204432;0.36069592941284395
1643;0.0;0.9664066662245159;0.39084658006066275
1644;0.0;0.7748270828875901;0.4480197585435606
1645;0.0;0.7155712331787585;0.4897744109561904
1646;1.0;0.69588778971751;0.508840799443897
1647;0.0;0.5834263073855099;0.4994828015575686
1648;0.0;0.5036497100749504;0.48765153358184216
1649;0.0;0.4893433627452329;0.44819274936401077
1650;0.0;0.5033859502378373;0.3784590372792281
1651;0.0;0.5119879319121177;0.2799587928961346
1652;0.0;0.47933259728338534;0.22347402965718288
1653;0.0;0.47240838539494184;0.19525753912502816
1654;0.0;0.45558492098948494;0.1893370145984503
1655;1.0;0.4135566491351657;0.1990367748373918
1656;0.0;0.4177509122984892;0.19350279465519718
1657;0.0;0.4088948273564657;0.18724146670516434
1658;0.0;0.40408890977633966;0.18758859906107428
1659;0.0;0.40987971140580065;0.19492632499317478
1660;0.0;0.41822543912874016;0.19053730622798595
1661;0.0;0.4308961055507448;0.18186302483271716
1662;0.0;0.4417675745906647;0.16964789751425421
1663;0.0;0.4371054087025889;0.1596420470874492
1664;1.0;0.3679428651114392;0.17490819931419752
1665;0.0;0.3024907884070532;0.2086457244848955
1666;0.0;0.19755312855209822;0.2301301487423808
1667;0.0;0.07018971008010616;0.2540331841271775
1668;0.0;0.0;0.34467596297346825
1669;0.0;0.04135717254275473;0.43195481832657856
1670;0.0;0.15381695583473692;0.42687863092531103
1671;0.0;0.31940840974073287;0.3347399225894486
1672;0.0;0.5142276538167347;0.19467297590907515
1673;1.0;0.5476925272605735;0.19153219523145834
1674;0.0;0.3624856775224779;0.38660197602704
1675;0.0;0.11261058922622896;0.6234593963982109
1676;0.0;0.04533118419822474;0.6503659896978466
1677;0.0;0.24723030664195017;0.6121843073352522
1678;0.0;0.40556976297147945;0.5647451228623077
1679;1.0;0.521372289267662;0.5218015900771489
1680;0.0;0.611811438212893;0.49621035990623724
1681;0.0;0.6284600950550645;0.4299934246227363
1682;0.0;0.6480207774962214;0.44038150421272904
1683;0.0;0.64831679758738;0.4903964683022722
1684;0.0;0.6094945927942867;0.5423627573394172
1685;0.0;0.5113145958895531;0.48645047480896836
1686;0.0;0.4910457793651661;0.4343857996399896
1687;0.0;0.5030807467276828;0.39503729227556267
1688;1.0;0.515321276429004;0.36770167406974524
1689;0.0;0.49503473827170513;0.2848827982396607
1690;0.0;0.49081225813950874;0.26020494809364303
1691;0.0;0.48899600583644837;0.23125295889578007
1692;0.0;0.4781287306295477;0.18313197579011087
1693;0.0;0.42570044108800503;0.20641285793589503
1694;1.0;0.38476918992610126;0.1892638483035401
1695;0.0;0.3689827421405338;0.146423688081816
1696;0.0;0.38289357875559954;0.09341283751069808
1697;0.0;0.42594897408522575;0.07585676244994284
1698;0.0;0.47266784386486;0.07159240447555233
1699;0.0;0.528953104860209;0.061653199625363475
1700;0.0;0.5991142108483933;0.04637554024870143
1701;0.0;0.6920727781008267;0.040269079358003945
1702;0.0;0.7613336079326276;0.1503902985520589
1703;0.0;0.7428113185488427;0.2864437431262902
1704;0.0;0.6360319207901415;0.39461670594600273
1705;0.0;0.4606004441935834;0.3888918988609738
1706;1.0;0.26503994550683657;0.22908520363674334
1707;0.0;0.2579355278392897;0.285867810272814
1708;0.0;0.4083386820834834;0.3980887966484167
1709;0.0;0.6361984482215841;0.25363283120285435
1710;0.0;0.5648234533939582;0.17775228730974732
1711;0.0;0.489765886045949;0.16051169994262815
1712;1.0;0.42147445534153577;0.1581918585188225
1713;0.0;0.3563349804989007;0.12021730485479754
1714;0.0;0.39601216805167744;0.1397566372042084
1715;0.0;0.4198854442680143;0.11956906874265719
1716;0.0;0.41216896355375093;0.09014471104060169
1717;0.0;0.36158402492867064;0.07848940656573035
1718;0.0;0.31544713013211306;0.0761994837317188
1719;0.0;0.30960406689109116;0.09253273232767927
1720;0.0;0.33249695398682616;0.11050642103760178
1721;1.0;0.37094915517278043;0.11780425551664736
1722;0.0;0.3621754414127671;0.10062983426156069
1723;0.0;0.34137732014673067;0.09732843294961144
1724;0.0;0.3039457473715825;0.09438547935765695
1725;0.0;0.2544620447787907;0.08774393599569937
1726;0.0;0.23815577676627825;0.09289626237222537
1727;0.0;0.2601889711052449;0.08846716036814632
1728;0.0;0.2685372581416587;0.0905156248396823
1729;0.0;0.2544691205278515;0.10629614666784154
1730;1.0;0.2581925990503939;0.143316565817695
1731;0.0;0.26914947173620646;0.18720243828836547
1732;0.0;0.29723778671948436;0.22050048622503626
1733;0.0;0.3497321667681717;0.24477357237264552
1734;0.0;0.44187756055016464;0.2777866265629788
1735;0.0;0.4528558110309699;0.32869406602171025
1736;0.0;0.34717717615411686;0.40155168163093696
1737;0.0;0.18459861490814117;0.4504685759393559
1738;0.0;0.10940146819427138;0.37184789197162577
1739;1.0;0.08913327536812293;0.41314877910578907
1740;0.0;0.16411561180371997;0.504103209929085
1741;0.0;0.299242546440398;0.571837075250706
1742;0.0;0.43170422491474464;0.5098183318295597
1743;0.0;0.5764786100321508;0.44852914171331965
1744;0.0;0.6586227873874781;0.5080930264849777
1745;0.0;0.6309363921559634;0.6260614506738049
1746;0.0;0.4436069037287533;0.7205207675767817
1747;0.0;0.29244909611498243;0.5524500208518834
1748;0.0;0.2558334496853339;0.42545922398272257
1749;0.0;0.2592167975959932;0.3405495949051631
1750;0.0;0.24051079681884707;0.2973344933819053
1751;1.0;0.3614168522922006;0.314508914636992
1752;0.0;0.3741981713855748;0.3247240992994171
1753;0.0;0.33568123462315497;0.31852404692270103
1754;0.0;0.28769769836422826;0.2889833711135351
1755;0.0;0.27823920694489684;0.2292545505264003
1756;0.0;0.316912584432633;0.22252919675586738
1757;0.0;0.3311894673969778;0.2548398353365285
1758;0.0;0.2891665292379885;0.3130303417652344
1759;0.0;0.21444016716489972;0.3519590299434309
1760;0.0;0.30013669314849273;0.29795281090424264
1761;0.0;0.447332059784561;0.23330199872481028
1762;0.0;0.6084064759320214;0.18287795545562496
1763;1.0;0.7240911017530742;0.1290647688563534
1764;0.0;0.7628036216823733;0.09116980631260801
1765;0.0;0.7942450029511761;0.22565914153404038
1766;0.0;0.7673789214596791;0.46032636770387836
1767;0.0;0.46667593181161476;0.44658683069980903
1768;0.0;0.43892097278689596;0.189047417992115
1769;0.0;0.44980377592940574;0.14433581162183035
1770;0.0;0.4363938335255659;0.25136525141827665
1771;0.0;0.3453184048362575;0.2006052952643538
1772;0.0;0.3330674228126232;0.09231534308710636
1773;0.0;0.31191665395613805;0.06703039488990685
1774;0.0;0.27321966196244457;0.09310003481871788
1775;0.0;0.21766707435026295;0.09462665004139224
1776;0.0;0.22620887989732624;0.07432420186647802
1777;0.0;0.2497891899932117;0.07711660358031608
1778;0.0;0.2709898547092929;0.09540290319638965
1779;0.0;0.2718458267834403;0.11696634321666513
1780;0.0;0.2581251536125903;0.1642996619103471
1781;0.0;0.2395783894494143;0.20346952077227606
1782;0.0;0.29570404821455704;0.2801161531712908
1783;0.0;0.49215512347462803;0.42682895839484436
1784;0.0;0.6621511774003994;0.39171680827332334
1785;0.0;0.7116242986298227;0.23069073872923512
1786;0.0;0.5905016263038447;0.11278790529501348
1787;0.0;0.29270360801259393;0.13721528314444723
1788;0.0;0.15065504230779397;0.12252161162620645
1789;0.0;0.13745380224088205;0.09160659854496839
1790;1.0;0.17824517294123104;0.06260666288911977
